 ,,,,,,,,,,,,,le = low energy,,,,,,,,,,,,,,,,,,,,,,
,,,,,,,,,,,,,la = laser,,,,,,,,,,,,,,,,,,,,,,
,,,,,,,,,,,,,tp = tagged photon,,,,,,,,,,,,,,,,,,,,,,
,,,,,,,,,,,,,xt = external trigger,,,,,,,,,,,,,,,,,,,,,,
,,,,2025 Beam data run log,,,,,,,,,,,,,,,,,,,,,,,,,,,,,,,
,,,,,,,CET,CET,e.g toolDAQ,e.g (good_mpmt_beam v2),,"e.g. Hadron, e+-, etc",,,Deadtime,Beam momentum (MeV/c),Beam profile ID,,ACT0,ACT1,ACT2,ACT3,ACT4,ACT5,Target,VME run,,,,,,,,,
date (DD/MM),run number,,Shifters name / person responsible for run start,Run status,Detector status,Water circuation on/off,start time (HH:MM),end time (HH:MM),run type,Run config,Excluded mPMTs,Beam config,trigger file type,trigger file version,Deadtime,Beam momentum (MeV/c),CESAR config file name,Lead glass (in/out),n=?,n=?,n=?,n=?,n=?,n=?,,,Run comments e.g. errors or instability observed,,,,,,,,
,,,,,,,,,,,,,,,,,,,,,,,,,,,,,,,,,,,
,,,,,,,,,,,,,,,,,,,,,,,,,,,,,,,,,,,
21/03,1135,,,"Complete, good",Full UPW,On ,20:58,21:50,toolDAQ,Good_mpmt_beam v36,,,LEP 5.0,,,700,,OUT,,,,,,,,,,,,,,,,,
,,,,,,,,,,,,,,,,,,,,,,,,,,,,,,,,,,,
21/03,1136,,,"Complete, bad",Full UPW,On ,22:11,,toolDAQ,Good_mpmt_beam v36,,,LEP 5.0,,,,,IN,,,,,,,,,,,,,,,,,
,,,,,,,,,,,,,,,,,,,,,,,,,,,,,,,,,,,
22/03,1140,,,"Complete, good",Beam Monitor Counters,On ,00:01,01:11,toolDAQ,Beam_counters_v2,,pos. 700MeV/c slit 1%,LEP 5.0,,,700,,IN,1.01,1.01,1.01,1.015,1.015,1.015,,,,,,,,,,,
,,,,,,,,,,,,,,,,,,,,,,,,,,,,,,,,,,,
22/03,1141,,,"Complete, good",Beam Monitor Counters,On ,01:44,02:46,toolDAQ,Beam_counters_v2,,pos. 750MeV/c slit 1,LEP 5.0,,,750,,IN,1.01,1.01,1.01,1.015,1.015,1.015,,,,,,,,,,,
,,,,,,,,,,,,,,,,,,,,,,,,,,,,,,,,,,,
22/03,1142,,,"Complete, good",Beam Monitor Counters,On ,03:07,04:20,toolDAQ,Beam_counters_v2,,pos. 800MeV/c slit 1,LEP 5.0,,,800,,IN,1.01,1.01,1.01,1.015,1.015,1.015,,,,,,,,,,,
,,,,,,,,,,,,,,,,,,,,,,,,,,,,,,,,,,,
22/03,1145,,,"Complete, good",Beam Monitor Counters,On ,04:31,05:43,toolDAQ,Beam_counters_v2,,pos 900MeV/v slit 1%,LEP 5.0,,,900,,IN,1.01,1.01,1.01,1.015,1.015,1.015,,,,,,,,,,,
,,,,,,,,,,,,,,,,,,,,,,,,,,,,,,,,,,,
22/03,1146,,,"Complete, good",Beam Monitor Counters,On ,05:57,,toolDAQ,Beam_counters_v2,,pos 850MeV/c slip 1%,LEP 5.0,,,850,,IN,1.01,1.01,1.01,1.015,1.015,1.015,,,,,,,,,,,
,,,,,,,,,,,,,,,,,,,,,,,,,,,,,,,,,,,
22/03,1151,,,"Complete, good",,,,,,,8 9 13 15 25 39 51 74 86 95 99 106 112,,,,,,,,,,,,,,,,,,,,,,,,
,,,,,,,,,,,,,,,,,,,,,,,,,,,,,,,,,,,
22/03,1159,,,"Bad, Incomplete",Full UPW,On ,22:53,?,toolDAQ,Good_mpmt_beam v36,,pos 650MeV/c slit 1%,LEP 5.1,LEP 5.1,,650,,IN,1.01,1.01,1.01,1.015,1.015,1.015,,,,,,,,,,,
,,,,,,,,,,,,,,,,,,,,,,,,,,,,,,,,,,,
22/03,1160,,,"Complete, good",Full UPW,On ,23:00,00:20,toolDAQ,Good_mpmt_beam v36,,pos 650MeV/c slit 1%,LEP 5.1,LEP 5.1,,650,,IN,1.01,1.01,1.01,1.015,1.015,1.015,,,,,,,,,,,
,,,,,,,,,,,,,,,,,,,,,,,,,,,,,,,,,,,
23/03,1161,,,"Complete, good",Full UPW,On ,00:43,01:53,toolDAQ,Good_mpmt_beam v36,,pos. 700MeV/c slit 1%,LEP 5.1,LEP 5.1,,700,,IN,1.01,1.01,1.01,1.015,1.015,1.015,,,,,,,,,,,
,,,,,,,,,,,,,,,,,,,,,,,,,,,,,,,,,,,
23/03,1162,,,"Complete, good",Full UPW,On ,02:08,03:07,toolDAQ,Good_mpmt_beam v36,,pos. 750Mev/c slit1%,LEP 5.1,LEP 5.1,,750,,IN,1.01,1.01,1.01,1.015,1.015,1.015,,,,,,,,,,,
,,,,,,,,,,,,,,,,,,,,,,,,,,,,,,,,,,,
23/03,1163,,,"Complete, good",Full UPW,On ,03:23,04:36,toolDAQ,Good_mpmt_beam v36,,pos. 800Mev/c slit 1%,LEP 5.1,LEP 5.1,,800,,IN,1.01,1.01,1.01,1.015,1.015,1.015,,,,,,,,,,,
,,,,,,,,,,,,,,,,,,,,,,,,,,,,,,,,,,,
23/03,1164,,,"Complete, good",Full UPW,On ,04:50,05:56,toolDAQ,Good_mpmt_beam v36,,pos. 850MeV/c slit 1 %,LEP 5.1,LEP 5.1,,850,,IN,1.01,1.01,1.01,1.015,1.015,1.015,,,,,,,,,,,
,,,,,,,,,,,,,,,,,,,,,,,,,,,,,,,,,,,
23/03,1166,,,"Complete, good",Full UPW,On ,06:43,07:52,toolDAQ,Good_mpmt_beam v36,,pos. 800Mev/c slit 1%,LEP 5.1,LEP 5.1,,800,,IN,1.01,1.01,1.01,1.015,1.015,1.015,,,,,,,,,,,
,,,,,,,,,,,,,,,,,,,,,,,,,,,,,,,,,,,
,1167,,,"Complete, good",Full UPW,On ,08:11,09:31,toolDAQ,Good_mpmt_beam v36,,pos. 850MeV/c slit 1 %,LEP 5.1,LEP 5.1,,850,,,,,,,,,,,,,,,,,,,
,,,,,,,,,,,,,,,,,,,,,,,,,,,,,,,,,,,
,1168,,,"Complete, good",Full UPW,On ,09:31,10:33,toolDAQ,Good_mpmt_beam v36,,pos 900MeV/v slit 1%,LEP 5.1,LEP 5.1,,900,,,,,,,,,,,,,,,,,,,
,,,,,,,,,,,,,,,,,,,,,,,,,,,,,,,,,,,
,1169,,,"Running, Incomplete",Full UPW,On ,10:44,,toolDAQ,Good_mpmt_beam v36,,pos. 800Mev/c slit 1%,LEP 5.1,LEP 5.1,,800,,,,,,,,,,,,,,,,,,,
,,,,,,,,,,,,,,,,,,,,,,,,,,,,,,,,,,,
23/03,1195,,,"Complete, good",Full UPW,On ,18:43,18:51,toolDAQ,Good_mpmt_beam v36,,"pos. hadron, slit 1 %",LEP 5.1,LEP 5.1,,780,,OUT,1.01,1.01,1.01,1.015,1.015,1.015,,,,,,,,,,,
,,,,,,,,,,,,,,,,,,,,,,,,,,,,,,,,,,,
23/03,1205,,,"Complete, good",Full UPW,On ,20:25,20:56,toolDAQ,Good_mpmt_beam v36,,"pos. hadron, slit 1 %",LEP 5.1,LEP 5.1,4000,790,,OUT,1.01,1.01,1.01,1.015,1.015,1.015,,,,,,,,,,,
,,,,,,,,,,,,,,,,,,,,,,,,,,,,,,,,,,,
23/03,1206,,,"Complete, bad",Full UPW,On ,21:11,21:33,toolDAQ,Good_mpmt_beam v36,,"pos. hadron, slit 1 %",LEP 5.1,LEP 5.1,625,800,,OUT,1.01,1.01,1.01,1.015,1.015,1.015,,,,,,,,,,,
,,,,,,,,,,,,,,,,,,,,,,,,,,,,,,,,,,,
23/03,1207,,,"Complete, bad",Full UPW,On ,21:55,22:07,toolDAQ,Good_mpmt_beam v36,"also 14,22 and 44 ","pos. hadron, slit 1 %",LEP 5.1,LEP 5.1,625,800,,OUT,1.01,1.01,1.01,1.015,1.015,1.015,,,,,,,,,,,
,,,,,,,,,,,,,,,,,,,,,,,,,,,,,,,,,,,
23/03,1209,,,"Complete, good",Full UPW,On ,22:22,23:30,toolDAQ,Good_mpmt_beam v36,,"pos. hadron, slit 1 %",LEP 5.1,LEP 5.1,625,810,,OUT,1.01,1.01,1.01,1.015,1.015,1.015,,,,,,,,,,,
,,,,,,,,,,,,,,,,,,,,,,,,,,,,,,,,,,,
24/03,1211,,,"Complete, good",Full UPW,On ,00:07,01:07,toolDAQ,Good_mpmt_beam v36,,"pos. hadr. 820MeV/c, 20mm collim, slit 1%",LEP 5.1,LEP 5.1,625,820,,OUT,1.01,1.01,1.01,1.015,1.015,1.015,,,,,,,,,,,
,,,,,,,,,,,,,,,,,,,,,,,,,,,,,,,,,,,
24/03,1212,,,"Bad, Incomplete",Full UPW,On ,01:31,01:42,toolDAQ,Good_mpmt_beam v36,,"pos. 820MeV/c slit 1%, Pb glass IN",LEP 5.1,LEP 5.1,625,820,,IN,1.01,1.01,1.01,1.015,1.015,1.015,,,,,,,,,,,
,,,,,,,,,,,,,,,,,,,,,,,,,,,,,,,,,,,
24/03,1214,,,"Complete, good",Full UPW,On ,02:57,04:04,toolDAQ,Good_mpmt_beam v36,,"pos. 820MeV/c slit 1%, Pb glass IN",LEP 5.1,LEP 5.1,625,820,,IN,1.01,1.01,1.01,1.015,1.015,1.015,,,,,,,,,,,
,,,,,,,,,,,,,,,,,,,,,,,,,,,,,,,,,,,
24/03,1215,,,"Complete, good",Full UPW,On ,04:18,05:19,toolDAQ,Good_mpmt_beam v36,,"pos 810MeV/c, 20mm collim, 1%slit",LEP 5.1,LEP 5.1,625,810,,IN,1.01,1.01,1.01,1.015,1.015,1.015,,,,,,,,,,,
,,,,,,,,,,,,,,,,,,,,,,,,,,,,,,,,,,,
24/03,1216,,,"Bad, Incomplete",Full UPW,On ,05:36,05:56,toolDAQ,Good_mpmt_beam v36,,"pos. 800MeV/c slit 1%,Pb glass IN",LEP 5.1,LEP 5.1,625,800,,,,,,,,,,,,,,,,,,,
,,,,,,,,,,,,,,,,,,,,,,,,,,,,,,,,,,,
24/03,1217,,,"Bad, Incomplete",Full UPW,On ,06:24,06:35,toolDAQ,Good_mpmt_beam v36,,"pos. 800MeV/c slit 1%,Pb glass IN",LEP 5.1,LEP 5.1,625,800,,,,,,,,,,,,,,,,,,,
,,,,,,,,,,,,,,,,,,,,,,,,,,,,,,,,,,,
24/03,1219,,,"Complete, good",Full UPW,On ,06:57,08:00,toolDAQ,Good_mpmt_beam v36,,"pos. 800MeV/c slit 1%,Pb glass IN",LEP 5.1,LEP 5.1,625,800,,,,,,,,,,,,,,,,,,,
,,,,,,,,,,,,,,,,,,,,,,,,,,,,,,,,,,,
24/03,1220,,,"Complete, good",Full UPW,On ,12:48,16:02,toolDAQ,Good_mpmt_beam v36,,"pos. hadron, slit 1 %",LEP 5.1,LEP 5.1,625,780,,OUT,1.01,1.01,1.01,1.015,1.015,1.015,,,,,,,,,,,
,,,,,,,,,,,,,,,,,,,,,,,,,,,,,,,,,,,
24/03,1228,,,"Complete, good",Full UPW,On ,19:05,19:25,toolDAQ,Good_mpmt_beam v36,,"pos. hadron, slit 1 %",T0TOF 1.1,T0TOF 1.1,50000,350,,OUT,Out,Out,Out,Out,Out,Out,Only T0 and TOF in,,,,,,,,,,
,,,,,,,,,,,,,,,,,,,,,,,,,,,,,,,,,,,
24/03,1229,,,"Complete, good",Full UPW,On ,19:33,19:59,toolDAQ,Good_mpmt_beam v36,,"pos. hadron, slit 1 %",T0TOF 1.2,T0TOF 1.2,625,350,,OUT,Out,Out,Out,Out,Out,Out,40 ns Delay added to T0 L1,,,,,,,,,,
,,,,,,,,,,,,,,,,,,,,,,,,,,,,,,,,,,,
24/03,1233,,,"Complete, bad",Full UPW,On ,22:17,22:30,toolDAQ,Good_mpmt_beam v36,,"pos. hadron, slit 1 %",LEP 5.1,LEP 5.1,625,780,,OUT,1.01,1.01,1.01,1.015,1.015,1.015,,,,,,,,,,,
,,,,,,,,,,,,,,,,,,,,,,,,,,,,,,,,,,,
24/03,1234,,,"Complete, good",Full UPW,On ,22:38,22:49,toolDAQ,Good_mpmt_beam v36,,"pos. hadron, slit 1 %",LEP 5.1,LEP 5.1,625,780,,OUT,1.01,1.01,1.01,1.015,1.015,1.015,,,,,,,,,,,
,,,,,,,,,,,,,,,,,,,,,,,,,,,,,,,,,,,
24/03,1235,,,"Complete, good",Full UPW,On ,22:55,23:39,toolDAQ,Good_mpmt_beam v36,,"pos. hadron, slit 1 %",LEP 5.1,LEP 5.1,625,780,,OUT,1.01,1.01,1.01,1.015,1.015,1.015,,,,,,,,,,,
,,,,,,,,,,,,,,,,,,,,,,,,,,,,,,,,,,,
25/03,1236,,,"Bad, Incomplete",Full UPW,On ,01:32,01:49,toolDAQ,Good_mpmt_beam v36,,"pos. hadron, slit 1 %",LEP 5.1,LEP 5.1,625,350,,OUT,1.01,1.01,1.01,1.075,1.075,OUT,,,,,,,,,,,
,,,,,,,,,,,,,,,,,,,,,,,,,,,,,,,,,,,
25/03,1239,,,"Bad, Incomplete",Full UPW,On ,02:13,02:25,toolDAQ,Good_mpmt_beam v36,,"pos. hadron, slit 1 %",LEP 5.1,LEP 5.1,625,320,,OUT,1.01,1.01,1.01,1.075,1.075,OUT,,,,,,,,,,,
,,,,,,,,,,,,,,,,,,,,,,,,,,,,,,,,,,,
25/03,1240,,,"Bad, Incomplete",Full UPW,On ,03:00,03:38,toolDAQ,Good_mpmt_beam v36,,"pos. hadron, slit 1 %",LEP 5.1,LEP 5.1,625,320,,OUT,1.01,1.01,1.01,1.075,1.075,OUT,,,,,,,,,,,
,,,,,,,,,,,,,,,,,,,,,,,,,,,,,,,,,,,
25/03,1241,,,"Bad, Incomplete",Full UPW,On ,04:02,04:23,toolDAQ,Good_mpmt_beam v36,,"pos. hadron, slit 1 %",LEP 5.1,LEP 5.1,625,320,,OUT,1.01,1.01,1.01,1.075,1.075,OUT,,,,,,,,,,,
,,,,,,,,,,,,,,,,,,,,,,,,,,,,,,,,,,,
25/03,1242,,,"Bad, Incomplete",Full UPW,On ,04:31,04:33,toolDAQ,Good_mpmt_beam v36,,"pos. hadron, slit 1 %",LEP 5.1,LEP 5.1,625,320,,OUT,1.01,1.01,1.01,1.075,1.075,OUT,,,,,,,,,,,
,,,,,,,,,,,,,,,,,,,,,,,,,,,,,,,,,,,
25/03,1243,,,"Bad, Incomplete",Full UPW,On ,05:15,05:30,toolDAQ,Good_mpmt_beam v36,,"pos. hadron, slit 1 %",LEP 5.1,LEP 5.1,625,320,,OUT,1.01,1.01,1.01,1.075,1.075,OUT,,,,,,,,,,,
,,,,,,,,,,,,,,,,,,,,,,,,,,,,,,,,,,,
25/03,1244,,,"Bad, Incomplete",Full UPW,On ,05:49,05:57,toolDAQ,Good_mpmt_beam v36,,"pos. hadron, slit 1 %",LEP 5.1,LEP 5.1,625,320,,OUT,1.01,1.01,1.01,1.075,1.075,OUT,,,,,,,,,,,
,,,,,,,,,,,,,,,,,,,,,,,,,,,,,,,,,,,
26/03,1263,,,"Complete, bad",Full UPW,On ,13:33,14:45,toolDAQ,Good_mpmt_beam v36,,,,,625,270,,,1.01,1.01,1.01,1.11,1.11,OUT,Al200,,,,,,,,,,
,,,,,,,,,,,,,,,,,,,,,,,,,,,,,,,,,,,
26/03,1264,,,"Complete, bad",Full UPW,On ,14:55,15:24,toolDAQ,Good_mpmt_beam v36,,,,,625,280,,,1.01,1.01,1.01,1.11,1.11,OUT,Al200,,,,,,,,,,
,,,,,,,,,,,,,,,,,,,,,,,,,,,,,,,,,,,
26/03,1272,,,"Complete, good",Full UPW,On ,20:50,21:59,toolDAQ,Good_mpmt_beam v36,," pos. hadron, slit 2%",LEP 5.1,LEP 5.1,625,280,,OUT,1.01,1.01,1.01,1.11,1.11,OUT,Al200,,,,,,,,,,
,,,,,,,,,,,,,,,,,,,,,,,,,,,,,,,,,,,
26/03,1274,,,"Complete, good",Full UPW,On ,22:36,10:05,toolDAQ,Good_mpmt_beam v36,," pos. hadron, slit 2%",LEP 5.1,LEP 5.1,625,210,,OUT,1.01,1.01,1.01,1.15,1.15,OUT,Al200,,,,,,,,,,
,,,,,,,,,,,,,,,,,,,,,,,,,,,,,,,,,,,
27/03,1275,,,"Complete, good",Full UPW,On ,14:35,16:02,toolDAQ,Good_mpmt_beam v36,,"pos. hadron, slit 1 %",LEP 5.1,LEP 5.1,625,780,,OUT,1.01,1.01,1.01,1.15,1.15,OUT,Al200,,,,,,,,,,
,,,,,,,,,,,,,,,,,,,,,,,,,,,,,,,,,,,
27/03,1283,,,"Complete, good",Full UPW,On ,21:44,05:38,toolDAQ,Good_mpmt_beam v36,," pos. hadron, slit 2%",LEP 5.1,LEP 5.1,625,210,,OUT,1.01,1.01,1.01,1.15,1.15,OUT,Al200,,,,,,,,,,
,,,,,,,,,,,,,,,,,,,,,,,,,,,,,,,,,,,
28/03,1288,,,"Complete, bad",Full UPW,On ,08:10,08:30,toolDAQ,Good_mpmt_beam v36,," pos. hadron, slit 2%",LEP 5.1,LEP 5.1,625,230,,OUT,1.01,1.01,1.01,1.15,1.15,OUT,Al200,,,,,,,,,,
,,,,,,,,,,,,,,,,,,,,,,,,,,,,,,,,,,,
28/03,1289,,,"Complete, good",Full UPW,On ,08:45,10:44,toolDAQ,Good_mpmt_beam v36,," pos. hadron, slit 2%",LEP 5.1,LEP 5.1,625,230,,OUT,1.01,1.01,1.01,1.15,1.15,OUT,Al200,,,,,,,,,,
,,,,,,,,,,,,,,,,,,,,,,,,,,,,,,,,,,,
28/03,1293,,,"Complete, good",Full UPW,On ,21:20,23:33,toolDAQ,Good_mpmt_beam v36,,"tagged gamma, slit 1%",TP0.6 4.4,TP0.6 4.4,625,650,,OUT,OUT,OUT,OUT,OUT,OUT,OUT,Be200+W3,,,,,,,,,,
,,,,,,,,,,,,,,,,,,,,,,,,,,,,,,,,,,,
29/03,1295,,,"Complete, bad",Full UPW,On ,00:22,00:36,toolDAQ,Good_mpmt_beam v36,,"tagged gamma, slit 1%",TP0.8 v4.4,TP0.8 v4.4,625,800,,OUT,OUT,OUT,OUT,OUT,OUT,OUT,Be200+W3,,,,,,,,,,
,,,,,,,,,,,,,,,,,,,,,,,,,,,,,,,,,,,
29/03,1296,,,"Complete, good",Full UPW,On ,00:47,03:49,toolDAQ,Good_mpmt_beam v36,,"tagged gamma, slit 1%",TP0.8 v4.4,TP0.8 v4.4,625,800,,OUT,OUT,OUT,OUT,OUT,OUT,OUT,Be200+W3,,,,,,,,,,
,,,,,,,,,,,,,,,,,,,,,,,,,,,,,,,,,,,
29/03,1303,,,"Complete, good",Full UPW,On ,09:19,11:15,toolDAQ,Good_mpmt_beam v36,"NB wrong trigger setting, 
should have been TP0.6 v4.4","tagged gamma, slit 1%",TP0.8 v4.4,TP0.8 v4.4,625,650,,OUT,OUT,OUT,OUT,OUT,OUT,OUT,Be200+W3,,,,,,,,,,
,,,,,,,,,,,,,,,,,,,,,,,,,,,,,,,,,,,
29/3,1304,,,"Complete, good",Full UPW,On ,11:25,13:25,toolDAQ,Good_mpmt_beam v36,,"tagged gamma, slit 1%",TP0.6 4.4,TP0.6 4.4,625,650,,OUT,OUT,OUT,OUT,OUT,OUT,OUT,Be200+W3,,,,,,,,,,
,,,,,,,,,,,,,,,,,,,,,,,,,,,,,,,,,,,
29/03,1306,,,"Complete, good",Full UPW,On ,14:00,16:03,toolDAQ,Good_mpmt_beam v36,,"tagged gamma, slit 1%",TP1 v4.4,TP1 v4.4,625,1000,,OUT,OUT,OUT,OUT,OUT,OUT,OUT,Be200+W3,,,,,,,,,,
,,,,,,,,,,,,,,,,,,,,,,,,,,,,,,,,,,,
29/03,1308,,,"Complete, good",Full UPW,On ,22:45,03:02,toolDAQ,Good_mpmt_beam v36,," pos. hadron, slit 2%",LEP 5.1,LEP 5.1,625,220,there is wrong value given in run notes,OUT,1.01,1.01,1.01,1.15,1.15,OUT,Al200,VME run 1406,,,,,,,,,
,,,,,,,,,,,,,,,,,,,,,,,,,,,,,,,,,,,
30/3,1310,,,"Complete, good",Full UPW,On ,04:04,06:46,toolDAQ,Good_mpmt_beam v36,," pos. hadron, slit 2%",LEP 5.1,LEP 5.1,625,230,,OUT,1.01,1.01,1.01,1.15,1.15,OUT,Al200,,,,,,,,,,
,,,,,,,,,,,,,,,,,,,,,,,,,,,,,,,,,,,
30/03,1312,,,"Complete, good",Full UPW,On ,08:12,11:44,toolDAQ,Good_mpmt_beam v36,," pos. hadron, slit 2%",LEP 5.1,LEP 5.1,625,230,,OUT,1.01,1.01,1.01,1.13,1.13,OUT,Al200,,,,,,,,,,
,,,,,,,,,,,,,,,,,,,,,,,,,,,,,,,,,,,
30/03,1314,,,"Complete, good",Full UPW,On ,12:26,15:12,toolDAQ,Good_mpmt_beam v36,," pos. hadron, slit 2%",LEP 5.1,LEP 5.1,625,240,,OUT,1.01,1.01,1.01,1.13,1.13,OUT,Al200,,,,,,,,,,
,,,,,,,,,,,,,,,,,,,,,,,,,,,,,,,,,,,
30/03,1316,,,"Complete, good",Full UPW,On ,15:54,18:25,toolDAQ,Good_mpmt_beam v36,," pos. hadron, slit 2%",LEP 5.1,LEP 5.1,625,250,,OUT,1.01,1.01,1.01,1.13,1.13,OUT,Al200,,,,,,,,,,
,,,,,,,,,,,,,,,,,,,,,,,,,,,,,,,,,,,
30/3,1319,,,"Complete, good",Full UPW,On ,21:41,10:15,toolDAQ,Good_mpmt_beam v36,," pos. hadron, slit 2%",LEP 5.1,LEP 5.1,625,420,,OUT,1.01,1.01,1.01,1.047,1.047,1.047,Al200,,,,,,,,,,
,,,,,,,,,,,,,,,,,,,,,,,,,,,,,,,,,,,
30/03,1321,,,"Complete, good",Full UPW,On ,10:51,11:33,toolDAQ,Good_mpmt_beam v36,," pos. hadron, slit 2%",LEP 5.1,LEP 5.1,625,420,,OUT,1.01,1.01,1.01,1.047,1.047,1.047,Al200,,,,,,,,,,
,,,,,,,,,,,,,,,,,,,,,,,,,,,,,,,,,,,
31/3,1338,,,"Complete, good",Full UPW,On ,21:28,00:34,toolDAQ,Good_mpmt_beam v36,," pos. hadron, slit 2%",LEP 5.1,LEP 5.1,625,360,,OUT,1.01,1.01,1.01,1.06,1.06,OUT,Al200,VME run 1431,,,,,,,,,
,,,,,,,,,,,,,,,,,,,,,,,,,,,,,,,,,,,
1/4,1339,,,"Complete, good",Full UPW,On ,00:40,03:41,toolDAQ,Good_mpmt_beam v36,," pos. hadron, slit 2%",LEP 5.1,LEP 5.1,625,370,,OUT,1.01,1.01,1.01,1.06,1.06,OUT,Al200,VME run 1432,,,,,,,,,
,,,,,,,,,,,,,,,,,,,,,,,,,,,,,,,,,,,
1/4,1340,,,"Complete, good",Full UPW,On ,03:45,06:52,toolDAQ,Good_mpmt_beam v36,," pos. hadron, slit 2%",LEP 5.1,LEP 5.1,625,380,,OUT,1.01,1.01,1.01,1.06,1.06,OUT,Al200,VME tun 1433,,,,,,,,,
,,,,,,,,,,,,,,,,,,,,,,,,,,,,,,,,,,,
1/4,1341,,,"Complete, good",Full UPW,On ,07:40,08:54,toolDAQ,Good_mpmt_beam v36,," pos. hadron, slit 2%",LEP 5.1,LEP 5.1,625,610,,OUT,1.01,1.01,1.01,1.02,1.02,1.02,Al200,VME tun 1434,,,,,,,,,
,,,,,,,,,,,,,,,,,,,,,,,,,,,,,,,,,,,
1/4,1342,,,"Complete, good",Full UPW,On ,09:03,10:15,toolDAQ,Good_mpmt_beam v36,," pos. hadron, slit 2%",LEP 5.1,LEP 5.1,625,620,,OUT,1.01,1.01,1.01,1.02,1.02,1.02,Al200,VME tun 1435,,,,,,,,,
,,,,,,,,,,,,,,,,,,,,,,,,,,,,,,,,,,,
1/4,1343,,,"Bad, Incomplete",Full UPW,On ,10:30,10:55,toolDAQ,Good_mpmt_beam v36,," pos. hadron, slit 2%",LEP 5.1,LEP 5.1,625,630,,OUT,1.01,1.01,1.01,1.02,1.02,1.02,Al200,VME tun 1436,,,,,,,,,
,,,,,,,,,,,,,,,,,,,,,,,,,,,,,,,,,,,
1/4,1344,,,"Bad, Incomplete",Full UPW,On ,11:03,11:25,toolDAQ,Good_mpmt_beam v36,," pos. hadron, slit 2%",LEP 5.1,LEP 5.1,625,630,,OUT,1.01,1.01,1.01,1.02,1.02,1.02,Al200,VME tun 1437,,,,,,,,,
,,,,,,,,,,,,,,,,,,,,,,,,,,,,,,,,,,,
1/4,1345,,,"Complete, good",Full UPW,On ,11:45,12:47,toolDAQ,Good_mpmt_beam v36,," pos. hadron, slit 2%",LEP 5.1,LEP 5.1,625,630,,OUT,1.01,1.01,1.01,1.02,1.02,1.02,Al200,VME tun 1438,,,,,,,,,
,,,,,,,,,,,,,,,,,,,,,,,,,,,,,,,,,,,
1/4,1346,,,"Complete, good",Full UPW,On ,13:58,15:02,toolDAQ,Good_mpmt_beam v36,," pos. hadron, slit 2%",LEP 5.1,LEP 5.1,625,530,,OUT,1.01,1.01,1.01,1.03,1.03,1.03,Al200,VME tun 1439,,,,,,,,,
,,,,,,,,,,,,,,,,,,,,,,,,,,,,,,,,,,,
1/4,1347,,,"Bad, Incomplete",Full UPW,On ,16:04,16:20,toolDAQ,Good_mpmt_beam v36,," pos. hadron, slit 2%",LEP 5.1,LEP 5.1,625,540,,OUT,1.01,1.01,1.01,1.03,1.03,1.03,Al200,VME tun 1440,,,,,,,,,
,,,,,,,,,,,,,,,,,,,,,,,,,,,,,,,,,,,
1/4,1348,,,"Complete, good",Full UPW,On ,16:23,18:33,toolDAQ,Good_mpmt_beam v36,," pos. hadron, slit 2%",LEP 5.1,LEP 5.1,625,540,,OUT,1.01,1.01,1.01,1.03,1.03,1.03,Al200,VME tun 1440,,,,,,,,,
,,,,,,,,,,,,,,,,,,,,,,,,,,,,,,,,,,,
2/4,1358,,"Only since run 1354 a bug was fixed in RBU event building! Previous data not directly usable before finding out details of the issue, data quality uncertain.","Bad, Incomplete",Full UPW,On ,02:49,02:50,toolDAQ,Good_mpmt_beam v36,," pos. hadron, slit 2%",LEP 5.1,LEP 5.1,625,260,,OUT,1.01,1.01,1.01,1.11,1.11,1.11,Al200,VME tun 1441,,,,,,,,,
,,,,,,,,,,,,,,,,,,,,,,,,,,,,,,,,,,,
2/4,1359,,,"Bad, Incomplete",Full UPW,On ,02:57,03:00,toolDAQ,Good_mpmt_beam v36,," pos. hadron, slit 2%",LEP 5.1,LEP 5.1,625,260,,OUT,1.01,1.01,1.01,1.11,1.11,1.11,Al200,VME tun 1441,,,,,,,,,
,,,,,,,,,,,,,,,,,,,,,,,,,,,,,,,,,,,
2/4,1361,,,"Complete, good",Full UPW,On ,07:02,08:00,toolDAQ,Good_mpmt_beam v36,," pos. hadron, slit 2%",LEP 5.1,LEP 5.1,625,260,,OUT,1.01,1.01,1.01,1.11,1.11,1.11,Al200,VME tun 1442,,,,,,,,,
,,,,,,,,,,,,,,,,,,,,,,,,,,,,,,,,,,,
2/4,1362,,,"Complete, good",Full UPW,On ,13:58,15:38,toolDAQ,Good_mpmt_beam v36,," pos. hadron, slit 2%",LEP 5.1,LEP 5.1,625,550,,OUT,1.01,1.01,1.01,1.03,1.11,1.03,Al200,VME tun 1443,ACT4 should be probably n = 1.03?,,,,,,,,
,,,,,,,,,,,,,,,,,,,,,,,,,,,,,,,,,,,
2/4,1367,,,"Bad, Incomplete",Full UPW,On ,18:04,19:25,toolDAQ,Good_mpmt_beam v36,," pos. hadron, slit 2%",LEP 5.1,LEP 5.1,625,320,,OUT,1.01,1.01,1.01,1.075,1.075,out,Al200,VME tun 1444,,,,,,,,,
,,,,,,,,,,,,,,,,,,,,,,,,,,,,,,,,,,,
2/4,,,,"Bad, Incomplete",Full UPW,On ,19:28,19:47,toolDAQ,Good_mpmt_beam v36,," pos. hadron, slit 2%",LEP 5.1,LEP 5.1,625,320,,OUT,1.01,1.01,1.01,1.075,1.075,out,Al200,VME tun 1444,,,,,,,,,
,,,,,,,,,,,,,,,,,,,,,,,,,,,,,,,,,,,
2/4,,,,"Bad, Incomplete",Full UPW,On ,20:24,20:28,toolDAQ,Good_mpmt_beam v36,," pos. hadron, slit 2%",LEP 5.1,LEP 5.1,625,320,,OUT,1.01,1.01,1.01,1.075,1.075,out,Al200,VME tun 1444,,,,,,,,,
,,,,,,,,,,,,,,,,,,,,,,,,,,,,,,,,,,,
2/4,1371,,,"Bad, Incomplete",Full UPW,On ,20:48,21:54,toolDAQ,Good_mpmt_beam v36,," pos. hadron, slit 2%",LEP 5.1,LEP 5.1,625,320,,OUT,1.01,1.01,1.01,1.075,1.075,out,Al200,VME tun 1445,,,,,,,,,
,,,,,,,,,,,,,,,,,,,,,,,,,,,,,,,,,,,
2/4,1372,,,"Complete, errors",Full UPW,On ,22:06,22:39,toolDAQ,Good_mpmt_beam v36,," pos. hadron, slit 2%",LEP 5.1,LEP 5.1,625,320,,OUT,1.01,1.01,1.01,1.075,1.075,out,Al200,VME tun 1445,,,,,,,,,
,,,,,,,,,,,,,,,,,,,,,,,,,,,,,,,,,,,
2/4,1373,,,"Complete, good",Full UPW,On ,23:50,02:53,toolDAQ,Good_mpmt_beam v36,," pos. hadron, slit 2%",LEP 5.1,LEP 5.1,625,250,,OUT,1.01,1.01,1.01,1.11,1.11,out,Al200,VME tun 1447,,,,,,,,,
,,,,,,,,,,,,,,,,,,,,,,,,,,,,,,,,,,,
3/4,1374,,,"Complete, good",Full UPW,On ,03:03,06:00,toolDAQ,Good_mpmt_beam v36,," pos. hadron, slit 2%",LEP 5.1,LEP 5.1,625,260,,OUT,1.01,1.01,1.01,1.11,1.11,out,Al200,VME tun 1448,,,,,,,,,
,,,,,,,,,,,,,,,,,,,,,,,,,,,,,,,,,,,
3/4,1375,,,"Complete, good",Full UPW,On ,06:11,08:48,toolDAQ,Good_mpmt_beam v36,," pos. hadron, slit 2%",LEP 5.1,LEP 5.1,625,270,,OUT,1.01,1.01,1.01,1.11,1.11,out,Al200,VME tun 1450,,,,,,,,,
,,,,,,,,,,,,,,,,,,,,,,,,,,,,,,,,,,,
3/4,1376,,,"Complete, good",Full UPW,On ,10:05,12:12,toolDAQ,Good_mpmt_beam v36,," pos. hadron, slit 2%",LEP 5.1,LEP 5.1,625,270,,OUT,1.01,1.01,1.01,1.11,1.11,out,Al200,VME tun 1451,,,,,,,,,
,,,,,,,,,,,,,,,,,,,,,,,,,,,,,,,,,,,
4/4,1395,,Bruno,"Complete, good",Full UPW,On ,22:45,23:20,toolDAQ,Good_mpmt_beam v36,," pos. hadron, slit 2%",LEP 5.1,LEP 5.1,625,320,,OUT,1.01,1.01,1.01,1.075,1.075,out,Al200,,,,,,,,,,
,,,,,,,,,,,,,,,,,,,,,,,,,,,,,,,,,,,
4/4,1397,,John,"Complete, good",Full UPW,On ,23:56,04:00,toolDAQ,Good_mpmt_beam v36,," pos. hadron, slit 2%",LEP 5.1,LEP 5.1,625,330,,OUT,1.01,1.01,1.01,1.075,1.075,out,Al200,VME tun 1455,,,,,,,,,
,,,,,,,,,,,,,,,,,,,,,,,,,,,,,,,,,,,
5/4,1398,,Menai,"Complete, good",Full UPW,On ,04:11,09:19,toolDAQ,Good_mpmt_beam v36,," pos. hadron, slit 2%",LEP 5.1,LEP 5.1,625,340,,OUT,1.01,1.01,1.01,1.075,1.075,out,Al200,VME tun 1456,,,,,,,,,
,,,,,,,,,,,,,,,,,,,,,,,,,,,,,,,,,,,
5/4,1402,,Marie,"Bad, Incomplete",Full UPW,On ,22:13,22:52,toolDAQ,Good_mpmt_beam v36,,"neg. hadron, slit 2%",LEP 5.1,LEP 5.1,625,-200,,OUT,1.01,1.01,1.01,1.15,1.15,out,Al200,VME tun 1457,,,,,,,,,
,,,,,,,,,,,,,,,,,,,,,,,,,,,,,,,,,,,
5/4,1403,,Marie,"Complete, good",Full UPW,On ,22:58,23:31,toolDAQ,Good_mpmt_beam v36,,"neg. hadron, slit 2%",LEP 5.1,LEP 5.1,625,-200,,OUT,1.01,1.01,1.01,1.15,1.15,out,Al200,VME tun 1457,,,,,,,,,
,,,,,,,,,,,,,,,,,,,,,,,,,,,,,,,,,,,
5/4,1404,,Menai,"Complete, good",Full UPW,On ,23:43,03:00,toolDAQ,Good_mpmt_beam v36,,"neg. hadron, slit 2%",LEP 5.1,LEP 5.1,625,-200,,OUT,1.01,1.01,1.01,1.15,1.15,out,Al200,VME tun 1457,,,,,,,,,
,,,,,,,,,,,,,,,,,,,,,,,,,,,,,,,,,,,
6/4,1405,,Menai,"Complete, good",Full UPW,On ,03:06,07:20,toolDAQ,Good_mpmt_beam v36,,"neg. hadron, slit 2%",LEP 5.1,LEP 5.1,625,-210,,OUT,1.01,1.01,1.01,1.15,1.15,out,Al200,VME tun 1458,,,,,,,,,
,,,,,,,,,,,,,,,,,,,,,,,,,,,,,,,,,,,
6/4,1406,,Helena,"Complete, good",Full UPW,On ,07:37,11:41,toolDAQ,Good_mpmt_beam v36,,"neg. hadron, slit 2%",LEP 5.1,LEP 5.1,625,-220,,OUT,1.01,1.01,1.01,1.15,1.15,out,Al200,VME run 1459,,,,,,,,,
,,,,,,,,,,,,,,,,,,,,,,,,,,,,,,,,,,,
6/4,1407,,Helena,"Complete, good",Full UPW,On ,12:20,16:17,toolDAQ,Good_mpmt_beam v36,,"neg. hadron, slit 2%",LEP 5.1,LEP 5.1,625,-230,,OUT,1.01,1.01,1.01,1.15,1.15,out,Al200,VME run 1460,,,,,,,,,
,,,,,,,,,,,,,,,,,,,,,,,,,,,,,,,,,,,
6/4,1412,,Marie,"Complete, good",Full UPW,On ,20:23,20:48,toolDAQ,Good_mpmt_beam v36,,"neg. hadron, slit 2%",LEMB v5.1,LEMB v5.1,50000,-200,,OUT,1.01,out,out,out,out,out,Al200,VME run 1461,Special run for electrons,,,,,,,,
,,,,,,,,,,,,,,,,,,,,,,,,,,,,,,,,,,,
6/4,1413,,Marie,"Complete, good",Full UPW,On ,20:53,21:12,toolDAQ,Good_mpmt_beam v36,,"neg. hadron, slit 2%",LEMB v5.1,LEMB v5.1,50000,-190,,OUT,1.01,out,out,out,out,out,Al200,VME run 1462,Special run for electrons,,,,,,,,
,,,,,,,,,,,,,,,,,,,,,,,,,,,,,,,,,,,
6/4,1414,,Marie,"Complete, good",Full UPW,On ,21:17,21:32,toolDAQ,Good_mpmt_beam v36,,"neg. hadron, slit 2%",LEMB v5.1,LEMB v5.1,50000,-180,,OUT,1.01,out,out,out,out,out,Al200,VME run 1463,Special run for electrons,,,,,,,,
,,,,,,,,,,,,,,,,,,,,,,,,,,,,,,,,,,,
6/4,1415,,Marie,"Complete, good",Full UPW,On ,21:36,21:54,toolDAQ,Good_mpmt_beam v36,,"neg. hadron, slit 2%",LEMB v5.1,LEMB v5.1,50000,-170,,OUT,1.01,out,out,out,out,out,Al200,VME run 1464 ,Special run for electrons,,VME run 1464 is bad,,,,,,
,,,,,,,,,,,,,,,,,,,,,,,,,,,,,,,,,,,
6/4,1416,,Marie,"Complete, good",Full UPW,On ,22:01,22:17,toolDAQ,Good_mpmt_beam v36,,"neg. hadron, slit 2%",LEMB v5.1,LEMB v5.1,50000,-170,,OUT,1.01,out,out,out,out,out,Al200,VME run 1465,Special run for electrons,,,,,,,,
,,,,,,,,,,,,,,,,,,,,,,,,,,,,,,,,,,,
6/4,1417,,Marie,"Complete, good",Full UPW,On ,22:21,22:39,toolDAQ,Good_mpmt_beam v36,,"neg. hadron, slit 2%",LEMB v5.1,LEMB v5.1,50000,-160,,OUT,1.01,out,out,out,out,out,Al200,VME run 1466,Special run for electrons,,,,,,,,
,,,,,,,,,,,,,,,,,,,,,,,,,,,,,,,,,,,
6/4,1418,,Marie,"Complete, good",Full UPW,On ,22:44,23:25,toolDAQ,Good_mpmt_beam v36,,"neg. hadron, slit 2%",LEMB v5.1,LEMB v5.1,50000,-150,,OUT,1.01,out,out,out,out,out,Al200,VME run 1467,Special run for electrons,,,,,,,,
,,,,,,,,,,,,,,,,,,,,,,,,,,,,,,,,,,,
6/4,1419,,John,"Complete, good",Full UPW,On ,23:35,03:33,toolDAQ,Good_mpmt_beam v36,,"neg. hadron, slit 2%",LEP 5.1,LEP 5.1,625,-240,,OUT,1.01,1.01,1.01,1.15,1.15,out,Al200,VME run 1468,,,,,,,,,
,,,,,,,,,,,,,,,,,,,,,,,,,,,,,,,,,,,
7/4,1420,,John,"Complete, good",Full UPW,On ,03:35,06:40,toolDAQ,Good_mpmt_beam v36,,"neg. hadron, slit 2%",LEP 5.1,LEP 5.1,625,-250,,OUT,1.01,1.01,1.01,1.15,1.15,out,Al200,VME run 1469,,,,,,,,,
,,,,,,,,,,,,,,,,,,,,,,,,,,,,,,,,,,,
7/4,1421,,Menai,"Complete, good",Full UPW,On ,06:45,10:00,toolDAQ,Good_mpmt_beam v36,,"neg. hadron, slit 2%",LEP 5.1,LEP 5.1,625,-260,,OUT,1.01,1.01,1.01,1.15,1.15,out,Al200,VME run 1470,,,,,,,,,
,,,,,,,,,,,,,,,,,,,,,,,,,,,,,,,,,,,
7/4,1422,,Pilar,"Complete, good",Full UPW,On ,12:25,15:08,toolDAQ,Good_mpmt_beam v36,,"neg. hadron, slit 2%",LEP 5.1,LEP 5.1,625,-230,,OUT,1.01,1.01,1.01,1.13,1.13,out,Al200,VME run 1471,,,,,,,,,
,,,,,,,,,,,,,,,,,,,,,,,,,,,,,,,,,,,
7/4,1432,,Bruno,"Complete, good",Full UPW,On ,20:14,23:08,toolDAQ,Good_mpmt_beam v36,,"neg. hadron, slit 2%",LEP 5.1,LEP 5.1,625,-250,,OUT,1.01,1.01,1.01,1.13,1.13,out,Al200,VME run ,,,,,,,,,
,,,,,,,,,,,,,,,,,,,,,,,,,,,,,,,,,,,
7/4,1433,,John,"Complete, good",Full UPW,On ,23:22,03:35,toolDAQ,Good_mpmt_beam v36,,"neg. hadron, slit 2%",LEP 5.1,LEP 5.1,625,-260,,OUT,1.01,1.01,1.01,1.13,1.13,out,Al200,VME run ,,,,,,,,,
,,,,,,,,,,,,,,,,,,,,,,,,,,,,,,,,,,,
8/4,1434,,John,"Complete, good",Full UPW,On ,03:35,07:08,toolDAQ,Good_mpmt_beam v36,,"neg. hadron, slit 2%",LEP 5.1,LEP 5.1,625,-270,,OUT,1.01,1.01,1.01,1.13,1.13,out,Al200,VME run 1475,,,,,,,,,
,,,,,,,,,,,,,,,,,,,,,,,,,,,,,,,,,,,
8/4,1435,,Helena,"Complete, good",Full UPW,On ,07:20,10:27,toolDAQ,Good_mpmt_beam v36,,"neg. hadron, slit 2%",LEP 5.1,LEP 5.1,625,-280,,OUT,1.01,1.01,1.01,1.13,1.13,out,Al200,VME run 1476,,,,,,,,,
,,,,,,,,,,,,,,,,,,,,,,,,,,,,,,,,,,,
8/4,1436,,Pilar,"Complete, good",Full UPW,On ,10:45,13:25,toolDAQ,Good_mpmt_beam v36,,"neg. hadron, slit 2%",LEP 5.1,LEP 5.1,626,-290,,OUT,1.01,1.01,1.01,1.13,1.13,out,Al202,VME run 1477,,,,,,,,,
,,,,,,,,,,,,,,,,,,,,,,,,,,,,,,,,,,,
8/4,1437,,Thorsten,"Complete, good",Full UPW,On ,15:00,15:37,toolDAQ,Good_mpmt_beam v36,,"neg. hadron, slit 2%",LEP 5.1,LEP 5.1,625,-290,,OUT,1.01,1.01,1.01,1.13,1.13,out,Al202,VME run 1478,No beam,,,,,,,,
,,,,,,,,,,,,,,,,,,,,,,,,,,,,,,,,,,,
8/4,1440,,Hernando,"Complete, good",Full UPW,On ,18:57,19:25,toolDAQ,Good_mpmt_beam v38,,"neg. hadron, slit 2%",LEP 5.1,LEP 5.1,625,-280,,OUT,1.01,1.01,1.01,1.13,1.13,out,Al202,VME run 1480,,,,,,,,,
,,,,,,,,,,,,,,,,,,,,,,,,,,,,,,,,,,,
8/4,1441,,Bruno,"Complete, good",Full UPW,On ,19:35,20:18,toolDAQ,Good_mpmt_beam v38,,"neg. hadron, slit 2%",LEP 5.1,LEP 5.1,625,-270,1447,OUT,1.01,1.01,1.01,1.13,1.13,out,Al202,VME run 1480,,,,,,,,,
,,,,,,,,,,,,,,,,,,,,,,,,,,,,,,,,,,,
8/4,1442,,hernando,"Complete, good",Full UPW,On ,20:53,00:00,toolDAQ,Good_mpmt_beam v38,,"neg. hadron, slit 2%",LEP 5.1,LEP 5.1,625,-270,1447,OUT,1.01,1.01,1.01,1.11,1.11,out,Al202,VME run 1481,,,,,,,,,
,,,,,,,,,,,,,,,,,,,,,,,,,,,,,,,,,,,
9/4,1443,,john,"Complete, good",Full UPW,On ,00:14,03:30,toolDAQ,Good_mpmt_beam v38,,"neg. hadron, slit 2%",LEP 5.1,LEP 5.1,625,-280,1447,OUT,1.01,1.01,1.01,1.11,1.11,out,Al202,VME run 1482,,,,,,,,,
,,,,,,,,,,,,,,,,,,,,,,,,,,,,,,,,,,,
9/4,1444,,john,"Complete, good",Full UPW,On ,03:42,06:28,toolDAQ,Good_mpmt_beam v38,,"neg. hadron, slit 2%",LEP 5.1,LEP 5.1,625,-290,1447,OUT,1.01,1.01,1.01,1.11,1.11,out,Al202,VME run 1483,,,,,,,,,
,,,,,,,,,,,,,,,,,,,,,,,,,,,,,,,,,,,
9/4,1445,,john,"Bad, Incomplete",Full UPW,On ,06:28,08:30,toolDAQ,Good_mpmt_beam v38,,"neg. hadron, slit 2%",LEP 5.1,LEP 5.1,625,-300,1447,OUT,1.01,1.01,1.01,1.11,1.11,out,Al202,VME run 1485,,,,,,,,,
,,,,,,,,,,,,,,,,,,,,,,,,,,,,,,,,,,,
9/4,1446,,"diego, pilar","Bad, Incomplete",Full UPW,On ,09:00,09:10,toolDAQ,Good_mpmt_beam v38,,"neg. hadron, slit 2%",LEP 5.1,LEP 5.1,625,-300,1447,OUT,1.01,1.01,1.01,1.11,1.11,out,Al202,VME run 1486,,,,,,,,,
,,,,,,,,,,,,,,,,,,,,,,,,,,,,,,,,,,,
9/4,1447,,"diego, pilar","Complete, good",Full UPW,On ,09:32,10:40,toolDAQ,Good_mpmt_beam v38,,"neg. hadron, slit 2%",LEP 5.1,LEP 5.1,625,-300,1447,OUT,1.01,1.01,1.01,1.11,1.11,out,Al202,VME run 1487,,,,,,,,,
,,,,,,,,,,,,,,,,,,,,,,,,,,,,,,,,,,,
9/4,1448,,"diego, pilar","Complete, good",Full UPW,On ,10:42,13:15,toolDAQ,Good_mpmt_beam v38,,"neg. hadron, slit 2%",LEP 5.1,LEP 5.1,625,-310,1451,OUT,1.01,1.01,1.01,1.11,1.11,out,Al202,VME run 1488,,,,,,,,,
,,,,,,,,,,,,,,,,,,,,,,,,,,,,,,,,,,,
9/4,1452,,"Arkadiusz, Hernando","Complete, good",Full UPW,On ,15:06,18:16,toolDAQ,Good_mpmt_beam v38,,"neg. hadron, slit 2%",LEP 5.1,LEP 5.1,625,-330,1451,OUT,1.01,1.01,1.01,1.075,1.075,out,Al202,VME run 1489,,,,,,,,,
,,,,,,,,,,,,,,,,,,,,,,,,,,,,,,,,,,,
9/4,1455,,"Arkadiusz, Hernando","Complete, errors",Full UPW,On ,19:24,19:50,toolDAQ,Good_mpmt_beam v38,,"neg. hadron, slit 2%",LEP 5.1,LEP 5.1,750,-320,1451,OUT,1.01,1.01,1.01,1.075,1.075,out,Al202,VME run 1490,,,,,,,,,
,,,,,,,,,,,,,,,,,,,,,,,,,,,,,,,,,,,
9/4,1456,,"Arkadiusz, Hernando","Complete, good",Full UPW,On ,19:55,22:58,toolDAQ,Good_mpmt_beam v38,,"neg. hadron, slit 2%",LEP 5.1,LEP 5.1,750,-320,1451,OUT,1.01,1.01,1.01,1.075,1.075,out,Al202,VME run 1490,,,,,,,,,
,,,,,,,,,,,,,,,,,,,,,,,,,,,,,,,,,,,
9/4,1457,,"Arkadiusz, Hernando","Complete, good",Full UPW,On ,23:10,02:19,toolDAQ,Good_mpmt_beam v38,,"neg. hadron, slit 2%",LEP 5.1,LEP 5.1,750,-310,1451,OUT,1.01,1.01,1.01,1.075,1.075,out,Al202,VME run 1491,,,,,,,,,
,,,,,,,,,,,,,,,,,,,,,,,,,,,,,,,,,,,
10/4,1458,,"Mustahsan, Thorsten","Complete, good",Full UPW,On ,02:32,05:31,toolDAQ,Good_mpmt_beam v38,,"neg. hadron, slit 2%",LEP 5.1,LEP 5.1,750,-300,1450,OUT,1.01,1.01,1.01,1.075,1.075,out,Al202,VME run 1492,,,,,,,,,
,,,,,,,,,,,,,,,,,,,,,,,,,,,,,,,,,,,
10/4,1459,,"Mustahsan, Thorsten","Complete, good",Full UPW,On ,05:40,07:41,toolDAQ,Good_mpmt_beam v38,,"neg. hadron, slit 2%",LEP 5.1,LEP 5.1,750,-340,1455,OUT,1.01,1.01,1.01,1.075,1.075,out,Al202,VME run 1493,,,,,,,,,
,,,,,,,,,,,,,,,,,,,,,,,,,,,,,,,,,,,
10/4,1460,,"Diego, Pilar","Complete, good",Full UPW,On ,07:56,09:55,toolDAQ,Good_mpmt_beam v38,,"neg. hadron, slit 2%",LEP 5.1,LEP 5.1,750,-350,1456,OUT,1.01,1.01,1.01,1.075,1.075,out,Al202,VME run 1494,,,,,,,,,
,,,,,,,,,,,,,,,,,,,,,,,,,,,,,,,,,,,
10/4,1461,,"Diego, Pilar","Complete, errors",Full UPW,On ,10:06,11:50,toolDAQ,Good_mpmt_beam v38,,"neg. hadron, slit 2%",LEP 5.1,LEP 5.1,750,-360,1454,OUT,1.01,1.01,1.01,1.075,1.075,out,Al202,VME run 1495,"A few minutes before the run stop we saw mPMTs [1, 3, 6, 7, 8, 10, 11, 12, 14, 15, 16, 17, 18, 19, 20, 21, 22, 23, 24, 25, 26, 27, 28, 29, 30, 31, 32, 33, 34, 35, 36, 38, 40, 41, 42, 43, 44, 45, 46, 47, 48, 52, 71, 73, 74, 75, 76, 77, 78, 79, 80, 82, 83, 84, 85, 86, 87, 89, 91, 92, 93, 94, 96, 97, 98, 99, 100, 101, 102, 103, 104, 105, 106, 107, 108, 109, 111, 112, 113, 114, 115, 117, 118, 130, 131, 132] were dropping packets so we tried to stop de the run. WCTE_RBU process wasn't there so we tried to FStop the run but unable. FStop is not working. Packets have been dropping for about 25 minutes. Run finally stopped by Andrzej.",,,,,,,,
,,,,,,,,,,,,,,,,,,,,,,,,,,,,,,,,,,,
10/4,1462,,"Diego, Pilar","Complete, good",Full UPW,On ,12:32,14:32,toolDAQ,Good_mpmt_beam v38,,"neg. hadron, slit 2%",LEP 5.1,LEP 5.1,750,-370,1457,OUT,1.01,1.01,1.01,1.075,1.075,out,Al202,VME run 1496,,,,,,,,,
,,,,,,,,,,,,,,,,,,,,,,,,,,,,,,,,,,,
10/4,1472,,"Arkadiusz, Hernando","Complete, good",Full UPW,On ,21:07,22:55,toolDAQ,Good_mpmt_beam v38,,"neg. hadron, slit 2%",LEP 5.1,LEP 5.1,750,-350,1457,OUT,1.01,1.01,1.01,1.06,1.06,out,Al202,VME run 1508,It seems the CESAR file name is not correct. Did not modify it since we do not know if they used 1457 or -350 which should be 1456 (M/T from night shift(,,,,,,,,
,,,,,,,,,,,,,,,,,,,,,,,,,,,,,,,,,,,
10/4,1473,,"Mustahsan, Thorsten","Complete, good",Full UPW,On ,23:10,01:15,toolDAQ,Good_mpmt_beam v38,,"neg. hadron, slit 2%",LEP 5.1,LEP 5.1,750,-360,1454,OUT,1.01,1.01,1.01,1.06,1.06,out,Al202,VME run 1509,,,,,,,,,
,,,,,,,,,,,,,,,,,,,,,,,,,,,,,,,,,,,
11/4,1474,,"Mustahsan, Thorsten","Complete, good",Full UPW,On ,01:30,03:32,toolDAQ,Good_mpmt_beam v38,,"neg. hadron, slit 2%",LEP 5.1,LEP 5.1,750,-370,1457,OUT,1.01,1.01,1.01,1.06,1.06,out,Al202,VME run 1510,,,,,,,,,
,,,,,,,,,,,,,,,,,,,,,,,,,,,,,,,,,,,
11/4,1475,,"Mustahsan, Thorsten","Complete, good",Full UPW,On ,06:15,08:18,toolDAQ,Good_mpmt_beam v38,,"neg. hadron, slit 2%",LEP 5.1,LEP 5.1,750,-380,1458,OUT,1.01,1.01,1.01,1.06,1.06,out,Al202,VME run 1511,No LED run before due to problems with LEDs,,,,,,,,
,,,,,,,,,,,,,,,,,,,,,,,,,,,,,,,,,,,
11/4,1476,,"Diego, Pilar","Complete, errors",Full UPW,On ,08:22,10:32,toolDAQ,Good_mpmt_beam v38,,"neg. hadron, slit 2%",LEP 5.1,LEP 5.1,750,-390,1459,OUT,1.01,1.01,1.01,1.06,1.06,out,Al202,VME run 1512,"No LED run before due to problems with LEDs. No beam during parts 55 and 63 both included. Dropped Packets from card 130 just when we stopped the run from tooldaq. also new errors: 10:33:43.917 2025/04/11 [mhttpd,ERROR] [mhttpd.cxx:1126:open_resource_file,ERROR] Cannot find resource file 'graph.gif', tried /home/wcte/online/graph.gif, /home/wcte/online/graph.gif, /home/wcte/online/mpmt_mainboard_wut/graph.gif, /home/wcte/online/mpmt_mainboard_wut/resources/graph.gif, /home/wcte/online/graph.gif, /home/wcte/online/resources/graph.gif, /home/wcte/packages/midas/resources/graph.gif

10:31:27.278 2025/04/11 [mhttpd,INFO] Reconnected to MySQL after long inactivity.

10:31:27.278 2025/04/11 [mhttpd,ERROR] [history_schema.cxx:1258:Mysql::Prepare,ERROR] mysql_query(SELECT _i_time, `state`, `run_number` FROM `run_transitions` WHERE _i_time>=1744349487 and _i_time<=1744360287 ORDER BY _i_time;) error 4031 (The client was disconnected by the server because of inactivity. See wait_timeout and interactive_timeout for configuring this behavior.)",,,,,,,,
,,,,,,,,,,,,,,,,,,,,,,,,,,,,,,,,,,,
11/4,1477,,"Diego, Pilar","Complete, good",Full UPW,On ,13:17,15:19,toolDAQ,Good_mpmt_beam v38,,"neg. hadron, slit 2%",LEP 5.1,LEP 5.1,750,-400,1460,OUT,1.01,1.01,1.01,1.06,1.06,out,Al202,VME run 1513,,,,,,,,,
,,,,,,,,,,,,,,,,,,,,,,,,,,,,,,,,,,,
11/4,1478,,"Arkadiusz, Hernando","Complete, good",Full UPW,On ,15:38,18:13,toolDAQ,Good_mpmt_beam v38,,"neg. hadron, slit 2%",LEP 5.1,LEP 5.1,750,-410,1461,OUT,1.01,1.01,1.01,1.06,1.06,out,Al202,VME run 1514,,"t4_qdc_cut   =       280   , act_eveto_cut =       1000               , act_muveto_cut_low = 5000",,,,,,,
,,,,,,,,,,,,,,,,,,,,,,,,,,,,,,,,,,,
11/4,1486,,"Arkadiusz, Hernando","Complete, good",Full UPW,On ,21:35,23:35,toolDAQ,Good_mpmt_beam v38,,"neg. hadron, slit 2%",LEP 5.1,LEP 5.1,750,-400,1460,OUT,1.01,1.01,1.01,1.047,1.047,1.407,Al202,VME run 1515,,,,,,,,,
,,,,,,,,,,,,,,,,,,,,,,,,,,,,,,,,,,,
12/4,1487,,"Mustahsan, Thorsten","Complete, good",Full UPW,On ,00:08,02:10,toolDAQ,Good_mpmt_beam v38,,"neg. hadron, slit 2%",LEP 5.1,LEP 5.1,750,-420,1462,OUT,1.01,1.01,1.01,1.047,1.047,1.407,Al202,VME run 1516,,,,,,,,,
,,,,,,,,,,,,,,,,,,,,,,,,,,,,,,,,,,,
12/4,1488,,"Mustahsan, Thorsten","Complete, good",Full UPW,On ,02:23,04:22,toolDAQ,Good_mpmt_beam v38,,"neg. hadron, slit 2%",LEP 5.1,LEP 5.1,750,-410,1461,OUT,1.01,1.01,1.01,1.047,1.047,1.407,Al202,VME run 1517,,,,,,,,,
,,,,,,,,,,,,,,,,,,,,,,,,,,,,,,,,,,,
12/4,1489,,"Mustahsan, Thorsten","Complete, good",Full UPW,On ,04:30,06:28,toolDAQ,Good_mpmt_beam v38,,"neg. hadron, slit 2%",LEP 5.1,LEP 5.1,750,-430,1463,OUT,1.01,1.01,1.01,1.047,1.047,1.407,Al202,VME run 1518,,,,,,,,,
,,,,,,,,,,,,,,,,,,,,,,,,,,,,,,,,,,,
12/4,1490,,"Mustahsan, Thorsten","Complete, good",Full UPW,On ,06:43,08:47,toolDAQ,Good_mpmt_beam v38,,"neg. hadron, slit 2%",LEP 5.1,LEP 5.1,750,-440,1464,OUT,1.01,1.01,1.01,1.047,1.047,1.407,Al202,VME run 1519,,,,,,,,,
,,,,,,,,,,,,,,,,,,,,,,,,,,,,,,,,,,,
12/4,1491,,"Diego, Pilar","Complete, good",Full UPW,On ,09:05,11:05,toolDAQ,Good_mpmt_beam v38,,"neg. hadron, slit 2%",LEP 5.1,LEP 5.1,750,-450,1465,OUT,1.01,1.01,1.01,1.047,1.047,1.407,Al202,VME run 1520,,,,,,,,,
,,,,,,,,,,,,,,,,,,,,,,,,,,,,,,,,,,,
12/4,1493,,"Adam, Kamila","Complete, errors",Full UPW,On ,11:50,12:09,toolDAQ,Good_mpmt_beam v38,,"neg. hadron, slit 2%",LEP 5.1,LEP 5.1,750,-460,1466,OUT,1.01,1.01,1.01,1.047,1.047,1.407,Al202,VME run 1521,Stopped due to drop packages.,,,,,,,,
,,,,,,,,,,,,,,,,,,,,,,,,,,,,,,,,,,,
12/4,1494,,"Diego, Pilar","Complete, good",Full UPW,On ,12:35,13:18,toolDAQ,Good_mpmt_beam v38,,"neg. hadron, slit 2%",LEP 5.1,LEP 5.1,750,-460,1466,OUT,1.01,1.01,1.01,1.047,1.047,1.407,Al202,VME run 1522,,,,,,,,,
,,,,,,,,,,,,,,,,,,,,,,,,,,,,,,,,,,,
12/4,1497,,"Arkadiusz, Hernando","Complete, errors",Full UPW,On ,16:35,17:38,toolDAQ,Good_mpmt_beam v39,,"neg. hadron, slit 2%",LEP 5.1,LEP 5.1,750,-520,1472,OUT,1.01,1.01,1.01,1.03,1.03,1.03,Al200,VME run 1523,,,,,,,,,
,,,,,,,,,,,,,,,,,,,,,,,,,,,,,,,,,,,
12/4,1499,,"Arkadiusz, Hernando","Complete, good",Full UPW,On ,18:18,19:16,toolDAQ,Good_mpmt_beam v38,,"neg. hadron, slit 2%",LEP 5.1,LEP 5.1,750,-530,1473,OUT,1.01,1.01,1.01,1.03,1.03,1.03,Al200,VME run 1524,,,,,,,,,
,,,,,,,,,,,,,,,,,,,,,,,,,,,,,,,,,,,
12/4,1501,,"Arkadiusz, Hernando","Complete, good",Full UPW,On ,19:35,20:35,toolDAQ,Good_mpmt_beam v38,,"neg. hadron, slit 2%",LEP 5.1,LEP 5.1,750,-540,1474,OUT,1.01,1.01,1.01,1.03,1.03,1.03,Al200,VME run 1525,,,,,,,,,
,,,,,,,,,,,,,,,,,,,,,,,,,,,,,,,,,,,
12/4,1504,,"Arkadiusz, Hernando","Complete, good",Full UPW,On ,21:12,22:30,toolDAQ,Good_mpmt_beam v38,,"neg. hadron, slit 2%",LEP 5.1,LEP 5.1,750,-550,1475,OUT,1.01,1.01,1.01,1.03,1.03,1.03,Al200,VME run 1526,,,,,,,,,
,,,,,,,,,,,,,,,,,,,,,,,,,,,,,,,,,,,
12/4,1506,,"Arkadiusz, Hernando","Complete, good",Full UPW,On ,22:55,23:59,toolDAQ,Good_mpmt_beam v38,,"neg. hadron, slit 2%",LEP 5.1,LEP 5.1,750,-560,1476,OUT,1.01,1.01,1.01,1.03,1.03,1.03,Al200,VME run 1527,,,,,,,,,
,,,,,,,,,,,,,,,,,,,,,,,,,,,,,,,,,,,
13/4,1509,,"Mustahsan, Thorsten","Bad, Incomplete",Full UPW,On ,01:44,01:52,toolDAQ,Good_mpmt_beam v39,,"pos. hadron, slit 2%",LEP 5.1,LEP 5.1,1050,240,1406,OUT,1.01,1.01,1.01,1.11,1.11,out,Al200,VME run 1528,,,,,,,,,
,,,,,,,,,,,,,,,,,,,,,,,,,,,,,,,,,,,
13/4,1510,,"Mustahsan, Thorsten","Complete, good",Full UPW,On ,01:57,05:57,toolDAQ,Good_mpmt_beam v39,,"pos. hadron, slit 2%",LEP 5.1,LEP 5.1,1050,240,1406,OUT,1.01,1.01,1.01,1.11,1.11,out,Al200,VME run 1529,,,,,,,,,
,,,,,,,,,,,,,,,,,,,,,,,,,,,,,,,,,,,
13/4,1512,,"Mustahsan, Thorsten","Complete, good",Full UPW,On ,06:15,10:21,toolDAQ,Good_mpmt_beam v39,,"pos. hadron, slit 2%",LEP 5.1,LEP 5.1,1050,250,1379,OUT,1.01,1.01,1.01,1.11,1.11,out,Al200,VME run 1530,,,,,,,,,
,,,,,,,,,,,,,,,,,,,,,,,,,,,,,,,,,,,
13/4,1514,,"Diego, Jiri","Complete, good",Full UPW,On ,10:50,14:51,toolDAQ,Good_mpmt_beam v39,,"pos. hadron, slit 2%",LEP 5.1,LEP 5.1,1050,260,1380,OUT,1.01,1.01,1.01,1.11,1.11,out,Al200,VME run 1531,,,,,,,,,
,,,,,,,,,,,,,,,,,,,,,,,,,,,,,,,,,,,
13/4,1518,,"Patrick, Arkadiusz","Complete, good",Full UPW,On ,16:50,19:52,toolDAQ,Good_mpmt_beam v41,," pos. hadron, slit 2%",LEP 5.1,LEP 5.1,1050,300,1371,OUT,1.01,1.01,1.01,1.075,1.075,out,Al200,VME run 1532,Electron veto changed to 2%,,,,,,,,
,,,,,,,,,,,,,,,,,,,,,,,,,,,,,,,,,,,
13/4,1520,,"Patrick, Arkadiusz","Complete, errors",Full UPW,On ,20:24,22:22,toolDAQ,Good_mpmt_beam v41,," pos. hadron, slit 2%",LEP 5.1,LEP 5.1,1050,300,1371,OUT,1.01,1.01,1.01,1.075,1.075,out,Al200,VME run 1533,,Stopped the run after dropped packets at 22:22,,,,,,,
,,,,,,,,,,,,,,,,,,,,,,,,,,,,,,,,,,,
13/4,1521,,"Patrick, Arkadiusz","Complete, good",Full UPW,On ,22:35,23:37,toolDAQ,Good_mpmt_beam v41,," pos. hadron, slit 2%",LEP 5.1,LEP 5.1,1050,300,1371,OUT,1.01,1.01,1.01,1.075,1.075,out,Al200,VME run 1534,,,,,,,,,
,,,,,,,,,,,,,,,,,,,,,,,,,,,,,,,,,,,
14/4,1522,,"Thorsten, Annalisa","Complete, errors",Full UPW,On ,00:05,02:09,toolDAQ,Good_mpmt_beam v41,," pos. hadron, slit 2%",LEP 5.1,LEP 5.1,1050,310,1370,OUT,1.01,1.01,1.01,1.075,1.075,out,Al200,VME run 1535,,Stopped the run after dropped packets at 2:09,,,,,,,
,,,,,,,,,,,,,,,,,,,,,,,,,,,,,,,,,,,
14/4,1524,,"Thorsten, Annalisa","Complete, good",Full UPW,On ,02:30,05:30,toolDAQ,Good_mpmt_beam v41,," pos. hadron, slit 2%",LEP 5.1,LEP 5.1,1050,310,1370,OUT,1.01,1.01,1.01,1.075,1.075,out,Al200,VME run 1536,,,,,,,,,
,,,,,,,,,,,,,,,,,,,,,,,,,,,,,,,,,,,
14/4,1526,,"Thorsten, Annalisa","Complete, good",Full UPW,On ,05:50,06:50,toolDAQ,Good_mpmt_beam v41,," pos. hadron, slit 2%",LEP 5.1,LEP 5.1,1050,310,1370,OUT,1.01,1.01,1.01,1.075,1.075,out,Al200,VME run 1537,,,,,,,,,
,,,,,,,,,,,,,,,,,,,,,,,,,,,,,,,,,,,
14/4,1528,,"Thorsten, Annalisa","Bad, Incomplete",Full UPW,On ,06:58,07:00,toolDAQ,Unsure,," pos. hadron, slit 2%",LEP 5.1,LEP 5.1,1050,,1370,OUT,1.01,1.01,1.01,1.075,1.075,out,Al200,,,,,,,,,,
,,,,,,,,,,,,,,,,,,,,,,,,,,,,,,,,,,,
14/4,1529,,"Thorsten, Annalisa, Diego, Jiri","Complete, good",Full UPW,On ,07:09,10:11,toolDAQ,Good_mpmt_beam v41,," pos. hadron, slit 2%",LEP 5.1,LEP 5.1,1050,320,1370,OUT,1.01,1.01,1.01,1.075,1.075,out,Al200,VME run 1538,,,,,,,,,
,,,,,,,,,,,,,,,,,,,,,,,,,,,,,,,,,,,
14/4,1531,,"Diego, Jiri","Complete, good",Full UPW,On ,10:42,14:20,toolDAQ,Good_mpmt_beam v41,," pos. hadron, slit 2%",LEP 5.1,LEP 5.1,1050,320,1370,OUT,1.01,1.01,1.01,1.075,1.075,out,Al200,VME run 1539,,,,,,,,,
,,,,,,,,,,,,,,,,,,,,,,,,,,,,,,,,,,,
14/4,1536,,"Patrick, Arkadiusz","Complete, good",Full UPW,On ,15:54,16:54,toolDAQ,Good_mpmt_beam v40,," pos. hadron, slit 2%",LEP 5.1,LEP 5.1,750,220,1370,OUT,1.01,out,out,out,out,out,Al200,VME run 1540,"Electron Scan, No ACTs, e-veto 99",,,,,,,,
,,,,,,,,,,,,,,,,,,,,,,,,,,,,,,,,,,,
14/4,1537,,"Patrick, Arkadiusz","Complete, good",Full UPW,On ,17:04,18:05,toolDAQ,Good_mpmt_beam v40,," pos. hadron, slit 2%",LEP 5.1,LEP 5.1,750,210,1370,OUT,1.01,out,out,out,out,out,Al200,VME run 1541,"Electron Scan, No ACTs, e-veto 99",,,,,,,,
,,,,,,,,,,,,,,,,,,,,,,,,,,,,,,,,,,,
14/4,1538,,"Patrick, Arkadiusz","Complete, errors",Full UPW,On ,18:12,18:56,toolDAQ,Good_mpmt_beam v40,," pos. hadron, slit 2%",LEP 5.1,LEP 5.1,750,200,1370,OUT,1.01,out,out,out,out,out,Al200,VME run 1542,"Electron Scan, No ACTs, e-veto 99",Stopped run early due to M106 high rate spikes at the end of the run.,,,,,,,
,,,,,,,,,,,,,,,,,,,,,,,,,,,,,,,,,,,
14/4,1540,,"Patrick, Arkadiusz","Complete, errors",Full UPW,On ,19:18,20:18,toolDAQ,Good_mpmt_beam v40,," pos. hadron, slit 2%",LEP 5.1,LEP 5.1,750,190,1370,OUT,1.01,out,out,out,out,out,Al200,VME run 1543,"Electron Scan, No ACTs, e-veto 99",190MeV Electron Scan Deadtime 750,,"Stopped the run as normal, but M106 PMT 15 still high.",,,,,
,,,,,,,,,,,,,,,,,,,,,,,,,,,,,,,,,,,
14/4,1541,,"Patrick, Arkadiusz","Complete, good",Full UPW,On ,20:41,21:39,toolDAQ,Good_mpmt_beam v42,," pos. hadron, slit 2%",LEP 5.1,LEP 5.1,750,180,1370,OUT,1.01,out,out,out,out,out,Al200,VME run 1544,"Electron Scan, No ACTs, e-veto 99",180MeV Electron Scan Deadtime 750 M106 Masked,,,,,,,
,,,,,,,,,,,,,,,,,,,,,,,,,,,,,,,,,,,
14/4,1542,,"Patrick, Arkadiusz","Complete, errors",Full UPW,On ,21:44,21:47,toolDAQ,Good_mpmt_beam v42,," pos. hadron, slit 2%",LEP 5.1,LEP 5.1,750,170,1370,OUT,1.01,out,out,out,out,out,Al200,VME run 1545,"Electron Scan, No ACTs, e-veto 99",170MeV Electron Scan Deadtime 750,,Stopped run short as new config just arrived.,,,,,
,,,,,,,,,,,,,,,,,,,,,,,,,,,,,,,,,,,
14/4,1543,,"Patrick, Arkadiusz","Complete, good",Full UPW,On ,21:51,22:52,toolDAQ,Good_mpmt_beam v43,," pos. hadron, slit 2%",LEP 5.1,LEP 5.1,750,170,1370,OUT,1.01,out,out,out,out,out,Al200,VME run 1545,"Electron Scan, No ACTs, e-veto 99, restarted run with v43 M106 masking.",,,,,,,,
,,,,,,,,,,,,,,,,,,,,,,,,,,,,,,,,,,,
15/4,1546,,"Annalisa, Thorsten","Complete, good",Full UPW,On ,02:00,05:35,toolDAQ,Good_mpmt_beam v44,," pos. hadron, slit 2%",LEP 5.1,LEP 5.1,1050,270,1381,OUT,1.01,1.01,1.01,1.11,1.11,out,Al200,VME run 1546,"e-veto 2, ACT 3,4 installed",no beam at 05:12,,,,,,,
,,,,,,,,,,,,,,,,,,,,,,,,,,,,,,,,,,,
15/4,1556,,"Jiri, Kamila","Complete, good",Full UPW,On ,07:21,08:45,toolDAQ,Good_mpmt_beam v44,," pos. hadron, slit 2%",LEP 5.1,LEP 5.1,1050,270,1381,OUT,1.01,1.01,1.01,1.11,1.11,out,Al200,VME run 1547,"e-veto 2, ACT 3,4 installed",,,,,,,,
,,,,,,,,,,,,,,,,,,,,,,,,,,,,,,,,,,,
15/4,1560,,"Jiri, Kamila","Complete, good",Full UPW,On ,09:26,09:46,toolDAQ,Good_mpmt_beam v44,," pos. hadron, slit 2%",LEP 5.1,LEP 5.1,1050,280,1381,OUT,1.01,1.01,1.01,1.11,1.11,out,Al200,VME run 1548,"e-veto 2, ACT 3,4 installed","Unsure whether the beam profile finished loading, very probably yes, plots look good; only GUI was too old",,,,,,,
,,,,,,,,,,,,,,,,,,,,,,,,,,,,,,,,,,,
15/4,1561,,"Jiri, Kamila","Complete, errors",Full UPW,On ,09:55,12:33,toolDAQ,Good_mpmt_beam v44,," pos. hadron, slit 2%",LEP 5.1,LEP 5.1,1050,280,1381,OUT,1.01,1.01,1.01,1.11,1.11,out,Al200,VME run 1549,"e-veto 2, ACT 3,4 installed",,,,,,,,
,,,,,,,,,,,,,,,,,,,,,,,,,,,,,,,,,,,
15/4,1562,,"Jiri, Kamila","Complete, good",Full UPW,On ,12:43,14:36,toolDAQ,Good_mpmt_beam v44,," pos. hadron, slit 2%",LEP 5.1,LEP 5.1,1050,280,1381,OUT,1.01,1.01,1.01,1.11,1.11,out,Al200,VME run 1550,"e-veto 2, ACT 3,4 installed",,,,,,,,
,,,,,,,,,,,,,,,,,,,,,,,,,,,,,,,,,,,
15/4,1566,,"Patrick, Xiaoyue","Complete, good",Full UPW,On ,16:23,16:35,toolDAQ,Good_mpmt_beam v43,,"pos. hadron, slit 1%",LEP 5.1,LEP 5.1,750,1500,1489,OUT,1.01,1.01,1.01,1.02,1.02,out,Al200,VME run 1551,"e-veto 2, ACT 3,4 installed","1500MeV High momentum test run 400cc proton run deadtime 750, upstream collimator 10mm",Data size ~700 MB,,,,,,
,,,,,,,,,,,,,,,,,,,,,,,,,,,,,,,,,,,
15/4,1567,,"Patrick, Xiaoyue","Complete, good",Full UPW,On ,16:53,17:17,toolDAQ,Good_mpmt_beam v43,,"pos. hadron, slit 1%",LEP 5.1,LEP 5.1,750,1500,1489,OUT,1.01,1.01,1.01,1.02,1.02,out,Al200,VME run 1552,"e-veto 2, ACT 3,4 installed","1500MeV High momentum test run 400cc proton run deadtime 750, upstream collimator 12mm",Data size went up to 1.1 GB. This is partly due to the fact that T9 is getting double the number of spills while T8 is not receiving spills,,,,,,
,,,,,,,,,,,,,,,,,,,,,,,,,,,,,,,,,,,
15/4,1569,,"Patrick, Xiaoyue","Bad, Incomplete",Full UPW,On ,18:30,18:36,toolDAQ,Good_mpmt_beam v43,,"pos. hadron, slit 1%",LEP 5.1,LEP 5.1,750,1500,1489,OUT,1.02,1.01,1.01,out,out,out,Al200,VME run 1554,"e-veto 2, ACT 3,4 uninstalled","1500MeV High momentum test run 400cc proton run deadtime 750, upstream collimator 12mm (stopped run due to dropped packaets on M130)",,,,,,,
,,,,,,,,,,,,,,,,,,,,,,,,,,,,,,,,,,,
15/4,1570,,"Patrick, Xiaoyue","Complete, good",Full UPW,On ,20:34,21:34,toolDAQ,Good_mpmt_beam v43,,"pos. hadron, slit 1%",LEP 5.1,LEP 5.1,750,1500,1489,OUT,1.02,1.01,1.01,out,out,out,Al200,VME run 1556,"e-veto 2, ACT 3,4 uninstalled","1500MeV/c High momentum test run 400cc proton run deadtime 750, upstream collimator 12mm",,,,,,,
,,,,,,,,,,,,,,,,,,,,,,,,,,,,,,,,,,,
15/4,1571,,"Patrick, Xiaoyue","Complete, good",Full UPW,On ,21:40,20:28,toolDAQ,Good_mpmt_beam v43,,"pos. hadron, slit 1%",LEP 5.1,LEP 5.1,750,1400,1488,OUT,1.02,1.01,1.01,out,out,out,Al200,VME run 1557,"e-veto 2, ACT 3,4 uninstalled","1400MeV/c High momentum physics run 400cc proton run deadtime 750us, upstream collimator 12mm after ACT fix",,,,,,,
,,,,,,,,,,,,,,,,,,,,,,,,,,,,,,,,,,,
16/4,1574,,"Annalisa, Adam","Complete, good",Full UPW,On ,00:25,03:03,toolDAQ,Good_mpmt_beam v44,,"pos. hadron, slit 1%",LEP 5.1,LEP 5.1,1050,260,1380,OUT,1.01,1.01,1.01,1.11,1.11,out,Al200,VME run 1558,"e-veto 2, ACT 3,4 installed",no beam at 02:40,,,,,,,
,,,,,,,,,,,,,,,,,,,,,,,,,,,,,,,,,,,
16/4,1576,,"Annalisa, Adam","Complete, good",Full UPW,On ,03:20,04:20,toolDAQ,Good_mpmt_beam v44,,"pos. hadron, slit 1%",LEP 5.1,LEP 5.1,1050,260,1380,OUT,1.01,1.01,1.01,1.11,1.11,out,Al200,VME run 1559,"e-veto 2, ACT 3,4 installed",,,,,,,,
,,,,,,,,,,,,,,,,,,,,,,,,,,,,,,,,,,,
16/4,1578,,"Annalisa, Adam","Complete, good",Full UPW,On ,04:35,07:36,toolDAQ,Good_mpmt_beam v44,,"pos. hadron, slit 1%",LEP 5.1,LEP 5.1,1050,270,1381,OUT,1.01,1.01,1.01,1.11,1.11,out,Al200,VME run 1560,"e-veto 2, ACT 3,4 installed",,,,,,,,
,,,,,,,,,,,,,,,,,,,,,,,,,,,,,,,,,,,
16/4,1580,,"Kamila, Jiri","Complete, good",Full UPW,On ,07:52,10:58,toolDAQ,Good_mpmt_beam v44,,"pos. hadron, slit 1%",LEP 5.1,LEP 5.1,1050,280,1382,OUT,1.01,1.01,1.01,1.11,1.11,out,Al200,VME run 1561,"e-veto 2, ACT 3,4 installed",,,,,,,,
,,,,,,,,,,,,,,,,,,,,,,,,,,,,,,,,,,,
16/4,1582,,"Kamila, Jiri","Complete, good",Full UPW,On ,12:06,13:57,toolDAQ,Good_mpmt_beam v43,," pos. hadron, slit 2%",LEP 5.1,LEP 5.1,750,160,1482,OUT,1.01,out,out,out,out,out,Al200,VME run 1562,e-veto 99,,,,,,,,
,,,,,,,,,,,,,,,,,,,,,,,,,,,,,,,,,,,
16/4,1586,,"Kamila, Jiri","Complete, good",Full UPW,On ,14:28,15:39,toolDAQ,Good_mpmt_beam v43,," pos. hadron, slit 2%",LEP 5.1,LEP 5.1,750,150,1483,OUT,1.01,out,out,out,out,out,Al200,VME run 1563,e-veto 99,,,,,,,,
,,,,,,,,,,,,,,,,,,,,,,,,,,,,,,,,,,,
16/4,1587,,"Patrick, Bruno, Xiaoyue","Bad, Incomplete",Full UPW,On ,17:30,17:32,toolDAQ,Good_mpmt_beam v43,,"pos. hadron, slit 1%",LEP 5.1,LEP 5.1,750,1500,1489,OUT,1.02,1.01,1.01,out,out,out,Al200,VME run 1565,"1500MeV/c 1pc pre-scale 15mm slit, 400cc post-trigger high rate test 750cc dead time","Run failed to start properly in this run, MPMT42 got stuck running after stopping the run after alarms",,,,,,,
,,,,,,,,,,,,,,,,,,,,,,,,,,,,,,,,,,,
16/04,1589,,"Patrick, Bruno, Xiaoyue","Complete, good",Full UPW,On ,18:07,18:51,toolDAQ,Good_mpmt_beam v43,,"pos. hadron, slit 1%",LEP 5.1,LEP 5.1,750,1500,1489,OUT,1.02,1.01,1.01,out,out,out,Al200,VME run 1566,"1500MeV/c 1pc pre-scale 15mm slit, 400cc post-trigger high rate test 750cc dead time","memory ~25%, data size less than 300 MB. Spill coming in every ~35s",,,,,,,
,,,,,,,,,,,,,,,,,,,,,,,,,,,,,,,,,,,
16/04,1590,,"Patrick, Bruno, Xiaoyue","Complete, errors",Full UPW,On ,19:10,19:53,toolDAQ,Good_mpmt_beam v46,,"pos. hadron, slit 1%",LEP 5.1,LEP 5.1,13000,1500,1489,OUT,1.02,1.01,1.01,out,out,out,Al200,VME run 1568,"1500MeV/c 1pc pre-scale 15mm slit, 12500cc post-trigger high rate test 13000cc dead time, beam spill coming in every ~35 s, had to stop run after ROOT Writer Error due to large file sizes",,,,,,,,
,,,,,,,,,,,,,,,,,,,,,,,,,,,,,,,,,,,
16/04,1591,,"Patrick, Bruno, Xiaoyue","Bad, Incomplete",Full UPW,On ,19:56,20:09,toolDAQ,Good_mpmt_beam v46,,"pos. hadron, slit 1%",LEP 5.1,LEP 5.1,13000,1500,1489,OUT,1.02,1.01,1.01,out,out,out,Al200,VME run 1568,"1500MeV/c 1pc pre-scale 15mm slit, 12500cc post-trigger high rate test 13000cc dead time, asked for less spills from CPS, still got RootWriter Error",,,,,,,,
,,,,,,,,,,,,,,,,,,,,,,,,,,,,,,,,,,,
16/04,1592,,"Adam, Annalisa","Complete, good",Full UPW,On ,23:23,00:24,toolDAQ,Good_mpmt_beam v43,,"pos. hadron, slit 1%",LEP 5.1,LEP 5.1,750,770,1495,OUT,1.01,1.01,1.01,1.015,1.015,1.015,Al200,VME run 1575,,no beam at 00:00,,,,,,,
,,,,,,,,,,,,,,,,,,,,,,,,,,,,,,,,,,,
17/04,1593,,"Adam, Annalisa","Complete, good",Full UPW,On ,00:30,01:52,toolDAQ,Good_mpmt_beam v43,,"pos. hadron, slit 1%",LEP 5.1,LEP 5.1,750,770,1495,OUT,1.01,1.01,1.01,1.015,1.015,1.015,Al200,Only partial VME run 1576,,,,,,,,,
,,,,,,,,,,,,,,,,,,,,,,,,,,,,,,,,,,,
17/04,1595,,"Adam, Annalisa","Complete, errors",Full UPW,On ,02:15,03:50,toolDAQ,Good_mpmt_beam v43,,"pos. hadron, slit 1%",LEP 5.1,LEP 5.1,750,770,1495,OUT,1.01,1.01,1.01,1.015,1.015,1.015,Al200,"No VME run 1578  -- no space was on device, ToolDAQ run OK",,no beam at 03:40,Error:No space left on Device,,,,,,
,,,,,,,,,,,,,,,,,,,,,,,,,,,,,,,,,,,
17/04,1596,,"Adam, Annalisa","Complete, errors",Full UPW,On ,04:35,05:14,toolDAQ,Good_mpmt_beam v43,,"pos. hadron, slit 1%",LEP 5.1,LEP 5.1,750,770,1495,OUT,1.01,1.01,1.01,1.015,1.015,1.015,Al200,"No VME run 1579 - no space was on device, ToolDAQ run OK",,VME run Error:No space left on Device,,,,,,,
,,,,,,,,,,,,,,,,,,,,,,,,,,,,,,,,,,,
17/04,1598,,"Adam, Annalisa","Complete, errors",Full UPW,On ,05:40,06:58,toolDAQ,Good_mpmt_beam v43,,"pos. hadron, slit 1%",LEP 5.1,LEP 5.1,750,770,1495,OUT,1.01,1.01,1.01,1.015,1.015,1.015,Al200,"VME run 1580, may be partial again, but VME disk space only at the end of the run, ToolDAQ run OK",,,,,,,,,
,,,,,,,,,,,,,,,,,,,,,,,,,,,,,,,,,,,
17/04,1600,,"Adam, Annalisa, Kamila, Jiri","Complete, good",Full UPW,On ,07:24,09:24,toolDAQ,Good_mpmt_beam v43,,"pos. hadron, slit 1%",LEP 5.1,LEP 5.1,750,770,1495,OUT,1.01,1.01,1.01,1.015,1.015,1.015,Al200,VME run 1581,,,,,,,,,
,,,,,,,,,,,,,,,,,,,,,,,,,,,,,,,,,,,
17/04,1602,,"Jiri, Kamila","Complete, good",Full UPW,On ,09:44,11:48,toolDAQ,Good_mpmt_beam v43,,"pos. hadron, slit 1%",LEP 5.1,LEP 5.1,750,770,1495,OUT,1.01,1.01,1.01,1.015,1.015,1.015,Al200,VME run 1582,,,,,,,,,
,,,,,,,,,,,,,,,,,,,,,,,,,,,,,,,,,,,
17/04,1604,,"Jiri, Kamila","Bad, Incomplete",Full UPW,On ,12:09,12:33,toolDAQ,Good_mpmt_beam v43,,"pos. hadron, slit 1%",LEP 5.1,LEP 5.1,750,780,1365,OUT,1.01,1.01,1.01,1.015,1.015,1.015,Al200,VME run 1583,"dropped packets, WCTE_RBU dissapeared",,,,,,,,
,,,,,,,,,,,,,,,,,,,,,,,,,,,,,,,,,,,
17/04,1605,,"Jiri, Kamila","Bad, Incomplete",Full UPW,On ,12:39,12:41,toolDAQ,Good_mpmt_beam v43,,"pos. hadron, slit 1%",LEP 5.1,LEP 5.1,750,780,1365,OUT,1.01,1.01,1.01,1.015,1.015,1.015,Al200,VME run 1584,dropped packets,,,,,,,,
,,,,,,,,,,,,,,,,,,,,,,,,,,,,,,,,,,,
17/04,1606,,"Jiri, Kamila","Complete, good",Full UPW,On ,12:48,14:51,toolDAQ,Good_mpmt_beam v43,,"pos. hadron, slit 1%",LEP 5.1,LEP 5.1,750,780,1365,OUT,1.01,1.01,1.01,1.015,1.015,1.015,Al200,VME run 1585,,,,,,,,,
,,,,,,,,,,,,,,,,,,,,,,,,,,,,,,,,,,,
17/04,1608,,"Jiri, Kamila","Complete, errors",Full UPW,On ,15:08,17:23,toolDAQ,Good_mpmt_beam v43,,"pos. hadron, slit 1%",LEP 5.1,LEP 5.1,750,780,1365,OUT,1.01,1.01,1.01,1.015,1.015,1.015,Al200,VME run 1586,Dropped packets when the run was stopped,"Data size ~400-600 MB. Beam particle rate ~20k, trigger rate ~20k. Getting ~4 spills per minute.",,,,,,,
,,,,,,,,,,,,,,,,,,,,,,,,,,,,,,,,,,,
17/04,1610,,"Patrick, Xiaoyue","Complete, good",Full UPW,On ,18:01,20:13,toolDAQ,Good_mpmt_beam v43,,"pos. hadron, slit 1%",LEP 5.1,LEP 5.1,750,760,1496,OUT,1.01,1.01,1.01,1.015,1.015,1.015,Al200,VME run 1587,,,,,,,,,
,,,,,,,,,,,,,,,,,,,,,,,,,,,,,,,,,,,
17/04,1612,,"Patrick, Xiaoyue","Complete, good",Full UPW,On ,20:43,22:47,toolDAQ,Good_mpmt_beam v43,,"pos. hadron, slit 1%",LEP 5.1,LEP 5.1,750,760,1496,OUT,1.01,1.01,1.01,1.015,1.015,1.015,Al200,VME run 1588,"ZT9XCHV015 jaw 1 -30.4, jaw2 29.98",,,,,,,,
,,,,,,,,,,,,,,,,,,,,,,,,,,,,,,,,,,,
18/04,1615,,"Annalisa, Adam","Complete, good",Full UPW,On ,00:47,02:47,toolDAQ,Good_mpmt_beam v43,,"pos. hadron, slit 1%",LEP 5.1,LEP 5.1,750,-800,1502,OUT,1.01,1.01,1.01,1.015,1.015,1.015,Al200,VME run 1595,,,,,,,,,
,,,,,,,,,,,,,,,,,,,,,,,,,,,,,,,,,,,
18/04,1618,,"Annalisa, Adam","Bad, Incomplete",Full UPW,On ,03:15,03:50,toolDAQ,Good_mpmt_beam v43,,"pos. hadron, slit 1%",LEP 5.1,LEP 5.1,750,-800,1502,OUT,1.01,1.01,1.01,1.015,1.015,1.015,Al200,VME run 1596,dropped packets,,,,,,,,
,,,,,,,,,,,,,,,,,,,,,,,,,,,,,,,,,,,
18/04,1619,,"Annalisa, Adam","Complete, good",Full UPW,On ,03:56,05:56,toolDAQ,Good_mpmt_beam v43,,"pos. hadron, slit 1%",LEP 5.1,LEP 5.1,750,-800,1502,OUT,1.01,1.01,1.01,1.015,1.015,1.015,Al200,VME run 1597,,,,,,,,,
,,,,,,,,,,,,,,,,,,,,,,,,,,,,,,,,,,,
18/04,1621,,"Annalisa, Adam","Complete, good",Full UPW,On ,06:10,08:12,toolDAQ,Good_mpmt_beam v43,,"pos. hadron, slit 1%",LEP 5.1,LEP 5.1,750,-810,1501,OUT,1.01,1.01,1.01,1.015,1.015,1.015,Al200,VME run 1598,,,,,,,,,
,,,,,,,,,,,,,,,,,,,,,,,,,,,,,,,,,,,
18/04,1624,,"Jiri, Kamila","Complete, good",Full UPW,On ,08:32,10:37,toolDAQ,Good_mpmt_beam v43,,"pos. hadron, slit 1%",LEP 5.1,LEP 5.1,750,-810,1501,OUT,1.01,1.01,1.01,1.015,1.015,1.015,Al200,VME run 1599,,,,,,,,,
,,,,,,,,,,,,,,,,,,,,,,,,,,,,,,,,,,,
18/04,1631,,"Atsushi, Kamila","Complete, good",Full UPW,On ,12:36,14:42,toolDAQ,Good_mpmt_beam v43,,"pos. hadron, slit 1%",LEP 5.1,LEP 5.1,750,-820,1500,OUT,1.01,1.01,1.01,1.015,1.015,1.015,Al200,VME run 1600,,,,,,,,,
,,,,,,,,,,,,,,,,,,,,,,,,,,,,,,,,,,,
18/04,1633,,"Beda, Kamila","Complete, good",Full UPW,On ,15:09,16:38,toolDAQ,Good_mpmt_beam v43,,"pos. hadron, slit 1%",LEP 5.1,LEP 5.1,750,-820,1500,OUT,1.01,1.01,1.01,1.015,1.015,1.015,Al200,VME run 1601,Beam stopped at 16:11. ,,,,,,,,
,,,,,,,,,,,,,,,,,,,,,,,,,,,,,,,,,,,
18/04,1634,,"Xiaoyue, Patrick","Complete, good",Full UPW,On ,16:54,17:56,toolDAQ,Good_mpmt_beam v43,,"pos. hadron, slit 1%",LEP 5.1,LEP 5.1,750,-820,1500,OUT,1.01,1.01,1.01,1.015,1.015,1.015,Al200,VME run 1602,,,,,,,,,
,,,,,,,,,,,,,,,,,,,,,,,,,,,,,,,,,,,
18/04,1636,,"Xiaoyue, Patrick","Complete, good",Full UPW,On ,20:29,23:29,toolDAQ,Good_mpmt_beam v44,,"pos. hadron, slit 1%",LEP 5.1,LEP 5.1,1050,340,1369,OUT,1.01,1.01,1.01,1.075,1.075,out,Al200,VME run 1605,,,,,,,,,
,,,,,,,,,,,,,,,,,,,,,,,,,,,,,,,,,,,
18/04,1638,,"Annalisa, Adam","Complete, good",Full UPW,On ,23:50,02:53,toolDAQ,Good_mpmt_beam v44,,"pos. hadron, slit 1%",LEP 5.1,LEP 5.1,1050,340,1369,OUT,1.01,1.01,1.01,1.075,1.075,out,Al200,VME run 1606,,,,,,,,,
,,,,,,,,,,,,,,,,,,,,,,,,,,,,,,,,,,,
19/04,1640,,"Annalisa, Adam","Aborted, misinput",Full UPW,On ,03:38,03:43,toolDAQ,Good_mpmt_beam v44,,"pos. hadron, slit 1%",LEP 5.1,LEP 5.1,1050,330,1367,OUT,1.01,1.01,1.01,1.075,1.075,out,Al200,VME run 1607,,,,,,,,,
,,,,,,,,,,,,,,,,,,,,,,,,,,,,,,,,,,,
19/04,1641,,"Annalisa, Adam","Complete, good",Full UPW,On ,03:48,06:48,toolDAQ,Good_mpmt_beam v44,,"pos. hadron, slit 1%",LEP 5.1,LEP 5.1,1050,320,1368,OUT,1.01,1.01,1.01,1.075,1.075,out,Al200,VME run 1608,,,,,,,,,
,,,,,,,,,,,,,,,,,,,,,,,,,,,,,,,,,,,
19/04,1643,,"Annalisa, Adam","Complete, errors",Full UPW,On ,07:07,08:40,toolDAQ,Good_mpmt_beam v44,,"pos. hadron, slit 1%",LEP 5.1,LEP 5.1,1050,320,1368,OUT,1.01,1.01,1.01,1.075,1.075,out,Al200,VME run 1609,dropped packets,,,,,,,,
,,,,,,,,,,,,,,,,,,,,,,,,,,,,,,,,,,,
19/04,1644,,"Atsushi, Kamila","Bad, Incomplete",Full UPW,On ,08:46,08:47,toolDAQ,Good_mpmt_beam v44,,"pos. hadron, slit 1%",LEP 5.1,LEP 5.1,1050,320,1368,OUT,1.01,1.01,1.01,1.075,1.075,out,Al200,VME run 1610,dropped packets,,,,,,,,
,,,,,,,,,,,,,,,,,,,,,,,,,,,,,,,,,,,
19/04,1645,,"Atsushi, Kamila","Complete, good",Full UPW,On ,08:53,10:24,toolDAQ,Good_mpmt_beam v44,,"pos. hadron, slit 1%",LEP 5.1,LEP 5.1,1050,320,1368,OUT,1.01,1.01,1.01,1.075,1.075,out,Al200,VME run 1611,,,,,,,,,
,,,,,,,,,,,,,,,,,,,,,,,,,,,,,,,,,,,
19/04,1647,,"Atsushi, Kamila","Aborted, misinput",Full UPW,On ,10:49,10:50,toolDAQ,Good_mpmt_beam v43,,"pos. hadron, slit 1%",LEP 5.1,LEP 5.1,1050,330,1508,OUT,1.01,1.01,1.01,1.075,1.075,out,Al200,VME run 1612,,,,,,,,,
,,,,,,,,,,,,,,,,,,,,,,,,,,,,,,,,,,,
19/04,1648,,"Atsushi, Kamila","Complete, good",Full UPW,On ,10:54,13:58,toolDAQ,Good_mpmt_beam v44,,"pos. hadron, slit 1%",LEP 5.1,LEP 5.1,1050,330,1508,OUT,1.01,1.01,1.01,1.075,1.075,out,Al200,VME run 1613,,,,,,,,,
,,,,,,,,,,,,,,,,,,,,,,,,,,,,,,,,,,,
19/04,1650,,"Atsushi, Kamila, Lorenzo","Complete, good",Full UPW,On ,14:37,,toolDAQ,Good_mpmt_beam v44,,"pos. hadron, slit 1%",LEP 5.1,LEP 5.1,1050,330,1508,OUT,1.01,1.01,1.01,1.075,1.075,out,Al200,VME run 1614,,,,,,,,,
,,,,,,,,,,,,,,,,,,,,,,,,,,,,,,,,,,,
19/04,1659,,"Xiaoyue, Lorenzo","Complete, good",Full UPW,On ,20:45,23:42,toolDAQ,Good_mpmt_beam v44,,"pos. hadron, slit 1%",LEP 5.1,LEP 5.1,1050,330,1508,OUT,1.01,1.01,1.01,1.075,1.075,out,Al200,VME run 1615,,,,,,,,,
,,,,,,,,,,,,,,,,,,,,,,,,,,,,,,,,,,,
20/04,1661,,"Beda, Adam","Complete, errors",Full UPW,On ,00:15,01:55,toolDAQ,Good_mpmt_beam v44,,"pos. hadron, slit 1%",LEP 5.1,LEP 5.1,1050,330,1508,OUT,1.01,1.01,1.01,1.075,1.075,out,Al200,VME run 1617,high frequncy mPMT 130 PMT 15 few minues at the end of the run,,,,,,,,
,,,,,,,,,,,,,,,,,,,,,,,,,,,,,,,,,,,
20/04,1662,,"Beda, Adam","Complete, errors",Full UPW,On ,02:03,03:36,toolDAQ,Good_mpmt_beam v44,,"pos. hadron, slit 1%",LEP 5.1,LEP 5.1,1050,330,1508,OUT,1.01,1.01,1.01,1.075,1.075,out,Al200,VME run 1618,high frequncy mPMT 130 PMT 15 few minues at the end of the run,,,,,,,,
,,,,,,,,,,,,,,,,,,,,,,,,,,,,,,,,,,,
20/04,1664,,"Beda, Adam","Complete, errors",Full UPW,On ,04:17,05:20,toolDAQ,Good_mpmt_beam v44,,"pos. hadron, slit 1%",LEP 5.1,LEP 5.1,1050,-350,1456,OUT,1.01,1.01,1.01,1.075,1.075,out,Al200,VME run 1620,dropped packets,,,,,,,,
,,,,,,,,,,,,,,,,,,,,,,,,,,,,,,,,,,,
20/04,1665,,"Beda, Adam","Complete, errors",Full UPW,On ,05:50,07:45,toolDAQ,Good_mpmt_beam v44,,"pos. hadron, slit 1%",LEP 5.1,LEP 5.1,1050,-350,1456,OUT,1.01,1.01,1.01,1.075,1.075,out,Al200,VME run 1622,,,,,,,,,
,,,,,,,,,,,,,,,,,,,,,,,,,,,,,,,,,,,
20/04,1667,,"Kamila, Atsushi","Complete, errors",Full UPW,On ,08:06,09:26,toolDAQ,Good_mpmt_beam v44,,"pos. hadron, slit 1%",LEP 5.1,LEP 5.1,1050,-350,1456,OUT,1.01,1.01,1.01,1.075,1.075,out,Al200,VME run 1623,,,,,,,,,
,,,,,,,,,,,,,,,,,,,,,,,,,,,,,,,,,,,
20/04,1668,,"Kamila, Atsushi","Complete, errors",Full UPW,On ,09:30,09:37,toolDAQ,Good_mpmt_beam v44,,"pos. hadron, slit 1%",LEP 5.1,LEP 5.1,1050,-350,1456,OUT,1.01,1.01,1.01,1.075,1.075,out,Al200,VME run 1624,,,,,,,,,
,,,,,,,,,,,,,,,,,,,,,,,,,,,,,,,,,,,
20/04,1669,,"Kamila, Atsushi","Complete, errors",Full UPW,On ,09:54,10:04,toolDAQ,Good_mpmt_beam v44,,"pos. hadron, slit 1%",LEP 5.1,LEP 5.1,1050,-350,1456,OUT,1.01,1.01,1.01,1.075,1.075,out,Al200,VME run 1625,,,,,,,,,
,,,,,,,,,,,,,,,,,,,,,,,,,,,,,,,,,,,
20/04,1670,,"Kamila, Atsushi","Complete, good",Full UPW,On ,10:45,13:45,toolDAQ,Good_mpmt_beam v44,,"pos. hadron, slit 1%",LEP 5.1,LEP 5.1,1050,-350,1456,OUT,1.01,1.01,1.01,1.075,1.075,out,Al200,VME run 1626,,,,,,,,,
,,,,,,,,,,,,,,,,,,,,,,,,,,,,,,,,,,,
20/04,1673,,"Kamila, Atsushi","Complete, good",Full UPW,On ,14:30,17:30,toolDAQ,Good_mpmt_beam v44,{,"pos. hadron, slit 1%",LEP 5.1,LEP 5.1,1050,-340,1455,OUT,1.01,1.01,1.01,1.075,1.075,out,Al200,VME run 1627,,,,,,,,,
,,,,,,,,,,,,,,,,,,,,,,,,,,,,,,,,,,,
20/04,1675,,"Xiaoyue, Lorenzo","Complete, good",Full UPW,On ,17:48,21:21,toolDAQ,Good_mpmt_beam v44,,"pos. hadron, slit 1%",LEP 5.1,LEP 5.1,1050,-340,1455,OUT,1.01,1.01,1.01,1.075,1.075,out,Al200,VME run 1628,,,,,,,,,
,,,,,,,,,,,,,,,,,,,,,,,,,,,,,,,,,,,
20/04,1677,,"Xiaoyue, Lorenzo","Complete, errors",Full UPW,On ,21:47,00:40,toolDAQ,Good_mpmt_beam v44,,"pos. hadron, slit 1%",LEP 5.1,LEP 5.1,1050,-340,1455,OUT,1.01,1.01,1.01,1.075,1.075,out,Al200,VME run 1629,Ended with crash of RBU,,,,,,,,
,,,,,,,,,,,,,,,,,,,,,,,,,,,,,,,,,,,
21/04,1679,,"Adam, Beda","Complete, good",Full UPW,On ,01:34,02:25,toolDAQ,Good_mpmt_beam v44,,"pos. hadron, slit 1%",LEP 5.1,LEP 5.1,1050,-340,1455,OUT,1.01,1.01,1.01,1.075,1.075,out,Al200,VME run 1630,,,,,,,,,
,,,,,,,,,,,,,,,,,,,,,,,,,,,,,,,,,,,
21/04,1681,,"Adam, Beda","Complete, good",Full UPW,On ,03:02,05:56,toolDAQ,Good_mpmt_beam v44,,"pos. hadron, slit 1%",LEP 5.1,LEP 5.1,1050,-320,1452,OUT,1.01,1.01,1.01,1.075,1.075,out,Al200,VME run 1632,,,,,,,,,
,,,,,,,,,,,,,,,,,,,,,,,,,,,,,,,,,,,
21/04,1683,,"Adam, Beda","Complete, good",Full UPW,On ,06:18,09:20,toolDAQ,Good_mpmt_beam v44,,"pos. hadron, slit 1%",LEP 5.1,LEP 5.1,1050,-320,1452,OUT,1.01,1.01,1.01,1.075,1.075,out,Al200,VME run 1633,,,,,,,,,
,,,,,,,,,,,,,,,,,,,,,,,,,,,,,,,,,,,
21/04,1685,,"Atsushi, Diego","Complete, bad",Full UPW,On ,09:46,10:30,toolDAQ,Good_mpmt_beam v44,,"pos. hadron, slit 1%",LEP 5.1,LEP 5.1,1050,-320,1452,OUT,1.01,1.01,1.01,1.075,1.075,out,Al200,VME run 1634,Wrong Muon Momenta and Muon/Pion separation,,,,,,,,
,,,,,,,,,,,,,,,,,,,,,,,,,,,,,,,,,,,
21/04,1686,,"Atsushi, Diego","Complete, good",Full UPW,On ,10:35,13:25,toolDAQ,Good_mpmt_beam v44,,"pos. hadron, slit 1%",LEP 5.1,LEP 5.1,1050,-320,1452,OUT,1.01,1.01,1.01,1.075,1.075,out,Al200,VME run 1635,,,,,,,,,
,,,,,,,,,,,,,,,,,,,,,,,,,,,,,,,,,,,
21/04,1688,,"Atsushi, Diego","Aborted, misinput",Full UPW,On ,,,toolDAQ,Good_mpmt_beam v44,,"pos. hadron, slit 1%",LEP 5.1,LEP 5.1,1050,-320,1452,OUT,1.01,1.01,1.01,1.075,1.075,out,Al200,VME run 1636,,,,,,,,,
,,,,,,,,,,,,,,,,,,,,,,,,,,,,,,,,,,,
21/04,1689,,"Atsushi, Diego","Complete, good",Full UPW,On ,14:25,17:14,toolDAQ,Good_mpmt_beam v44,,"pos. hadron, slit 1%",LEP 5.1,LEP 5.1,1050,-320,1452,OUT,1.01,1.01,1.01,1.075,1.075,out,Al200,VME run 1637,No beam from parts 03 to 26,,,,,,,,
,,,,,,,,,,,,,,,,,,,,,,,,,,,,,,,,,,,
21/04,1691,,"Bruno, Lorenzo","Complete, good",Full UPW,On ,17:48,20:48,toolDAQ,Good_mpmt_beam v44,,"pos. hadron, slit 1%",LEP 5.1,LEP 5.1,1050,-330,1452,OUT,1.01,1.01,1.01,1.075,1.075,out,Al200,VME run 1639,,,,,,,,,
,,,,,,,,,,,,,,,,,,,,,,,,,,,,,,,,,,,
21/04,1693,,"Bruno, Lorenzo","Complete, good",Full UPW,On ,21:06,00:07,toolDAQ,Good_mpmt_beam v44,,"pos. hadron, slit 1%",LEP 5.1,LEP 5.1,1050,-330,1452,OUT,1.01,1.01,1.01,1.075,1.075,out,Al200,VME run 1640,,,,,,,,,
,,,,,,,,,,,,,,,,,,,,,,,,,,,,,,,,,,,
22/04,1695,,"Ka Ming, Beda","Complete, errors",Full UPW,On ,00:35,03:08,toolDAQ,Good_mpmt_beam v44,,"pos. hadron, slit 1%",LEP 5.1,LEP 5.1,1050,-330,1452,OUT,1.01,1.01,1.01,1.075,1.075,out,Al200,VME run 1641,Ended with dropped packages from all mPMTs,,,,,,,,
,,,,,,,,,,,,,,,,,,,,,,,,,,,,,,,,,,,
22/04,1698,,"Ka Ming, Beda","Complete, good",Full UPW,On ,03:49,06:32,toolDAQ,Good_mpmt_beam v44,,"pos. hadron, slit 1%",LEP 5.1,LEP 5.1,1050,320,1368,OUT,1.01,1.01,1.01,1.075,1.075,out,Al200,VME run 1642,,,,,,,,,
,,,,,,,,,,,,,,,,,,,,,,,,,,,,,,,,,,,
22/04,1700,,"Ka Ming, Beda","Complete, good",Full UPW,On ,06:53,09:30,toolDAQ,Good_mpmt_beam v44,,"pos. hadron, slit 1%",LEP 5.1,LEP 5.1,1050,320,1368,OUT,1.01,1.01,1.01,1.075,1.075,out,Al200,VME run 1643,,,,,,,,,
,,,,,,,,,,,,,,,,,,,,,,,,,,,,,,,,,,,
22/04,1703,,"Atsushi, Diego","Complete, good",Full UPW,On ,10:44,14:25,toolDAQ,Good_mpmt_beam v44,,"pos. hadron, slit 1%",LEP 5.1,LEP 5.1,1050,340,1369,OUT,1.01,1.01,1.01,1.075,1.075,out,Al200,VME run 1645,,,,,,,,,
,,,,,,,,,,,,,,,,,,,,,,,,,,,,,,,,,,,
22/04,1706,,"Bruno, Lorenzo","Aborted, misinput",Full UPW,On ,16:37,16:41,toolDAQ,Good_mpmt_beam v44,,"pos. hadron, slit 1%",LEP 5.1,LEP 5.1,1050,260,1369,OUT,1.01,1.01,1.01,1.11,1.11,out,Al200,VME run 1647,"Aborted, Dropped packets",,,,,,,,
,,,,,,,,,,,,,,,,,,,,,,,,,,,,,,,,,,,
22/04,1707,,"Bruno, Lorenzo","Complete, good",Full UPW,On ,16:44,19:42,toolDAQ,Good_mpmt_beam v44,,"pos. hadron, slit 1%",LEP 5.1,LEP 5.1,1050,260,1380,OUT,1.01,1.01,1.01,1.11,1.11,out,Al200,VME run 1647,,,,,,,,,
,,,,,,,,,,,,,,,,,,,,,,,,,,,,,,,,,,,
22/04,1710,,"Bruno, Lorenzo","Aborted, misinput",Full UPW,On ,20:42,21:21,toolDAQ,Good_mpmt_beam v44,,"pos. hadron, slit 1%",LEP 5.1,LEP 5.1,1050,260,1380,OUT,1.01,1.01,1.01,1.11,1.11,out,Al200,VME run 1649,RBU died in the middle of the process,,,,,,,,
,,,,,,,,,,,,,,,,,,,,,,,,,,,,,,,,,,,
22/04,1711,,"Bruno, Lorenzo","Complete, good",Full UPW,On ,21:22,00:12,toolDAQ,Good_mpmt_beam v44,,"pos. hadron, slit 1%",LEP 5.1,LEP 5.1,1050,260,1380,OUT,1.01,1.01,1.01,1.11,1.11,out,Al200,VME run 1650,,,,,,,,,
,,,,,,,,,,,,,,,,,,,,,,,,,,,,,,,,,,,
23/04,1713,,"Ka Ming, Beda","Complete, good",Full UPW,On ,00:37,03:31,toolDAQ,Good_mpmt_beam v44,,"pos. hadron, slit 1%",LEP 5.1,LEP 5.1,1050,260,1380,OUT,1.01,1.01,1.01,1.11,1.11,out,Al200,VME run 1651,,,,,,,,,
,,,,,,,,,,,,,,,,,,,,,,,,,,,,,,,,,,,
23/04,1715,,"Ka Ming, Beda","Complete, good",Full UPW,On ,03:51,04:04,toolDAQ,Good_mpmt_beam v44,,"pos. hadron, slit 1%",LEP 5.1,LEP 5.1,1050,270,1381,OUT,1.01,1.01,1.01,1.11,1.11,out,Al200,VME run 1652,,,,,,,,,
,,,,,,,,,,,,,,,,,,,,,,,,,,,,,,,,,,,
23/04,1716,,"Ka Ming, Beda","Complete, good",Full UPW,On ,04:11,06:53,toolDAQ,Good_mpmt_beam v44,,"pos. hadron, slit 1%",LEP 5.1,LEP 5.1,1050,280,1382,OUT,1.01,1.01,1.01,1.11,1.11,out,Al200,VME run 1653,,,,,,,,,
,,,,,,,,,,,,,,,,,,,,,,,,,,,,,,,,,,,
23/04,1718,,"Ka Ming, Beda","Bad, Incomplete",Full UPW,On ,07:13,08:05,toolDAQ,Good_mpmt_beam v44,,"pos. hadron, slit 1%",LEP 5.1,LEP 5.1,1050,270,1381,OUT,1.01,1.01,1.01,1.11,1.11,out,Al200,VME run 1654,Dropped Packet in the miiddle of run when required amount of pions not eough,,,,,,,,
,,,,,,,,,,,,,,,,,,,,,,,,,,,,,,,,,,,
23/04,1748,,"Bruno, Lorenzo","Complete, good",Full UPW,On ,22:50,01:50,toolDAQ,Good_mpmt_beam v44,,"pos. hadron, slit 1%",LEP 5.1,LEP 5.1,1050,270,1381,OUT,1.01,1.01,1.01,1.11,1.11,out,Al200,VME run 1655,,,,,,,,,
,,,,,,,,,,,,,,,,,,,,,,,,,,,,,,,,,,,
24/04,1751,,"Ka Ming, Beda","Complete, good",Full UPW,On ,02:23,05:22,toolDAQ,Good_mpmt_beam v44,,"pos. hadron, slit 1%",LEP 5.1,LEP 5.1,1050,270,1381,OUT,1.01,1.01,1.01,1.11,1.11,out,Al200,VME run 1656,,,,,,,,,
,,,,,,,,,,,,,,,,,,,,,,,,,,,,,,,,,,,
24/04,1753,,"Ka Ming, Beda","Complete, good",Full UPW,On ,05:41,08:41,toolDAQ,Good_mpmt_beam v44,,"pos. hadron, slit 1%",LEP 5.1,LEP 5.1,1050,270,1381,OUT,1.01,1.01,1.01,1.11,1.11,out,Al200,VME run 1657,Dropped packages just at the stop of the run,,,,,,,,
,,,,,,,,,,,,,,,,,,,,,,,,,,,,,,,,,,,
24/04,1755,,"Atsushi, Diego","Complete, good",Full UPW,On ,09:06,11:57,toolDAQ,Good_mpmt_beam v44,,"pos. hadron, slit 1%",LEP 5.1,LEP 5.1,1050,270,1381,OUT,1.01,1.01,1.01,1.11,1.11,out,Al200,VME run 1658,,,,,,,,,
,,,,,,,,,,,,,,,,,,,,,,,,,,,,,,,,,,,
24/04,1773,,"Ka Ming, Beda","Complete, good",Full UPW,On ,23:47,01:29:00,toolDAQ,Good_mpmt_beam v44,,"pos. hadron, slit 1%",LEP 5.1,LEP 5.1,1050,270,1381,OUT,1.01,1.01,1.01,1.11,1.11,out,Al200,VME run 1659,,,,,,,,,
,,,,,,,,,,,,,,,,,,,,,,,,,,,,,,,,,,,
25/04,1775,,"Ka Ming, Beda","Complete, good",Full UPW,On ,01:52,04:53:00,toolDAQ,Good_mpmt_beam v44,,"pos. hadron, slit 1%",LEP 5.1,LEP 5.1,1050,260,1380,OUT,1.01,1.01,1.01,1.11,1.11,out,Al200,VME run 1660,,,,,,,,,
,,,,,,,,,,,,,,,,,,,,,,,,,,,,,,,,,,,
25/04,1777,,"Ka Ming, Beda","Complete, errors",Full UPW,On ,05:09,07:23:00,toolDAQ,Good_mpmt_beam v44,,"pos. hadron, slit 1%",LEP 5.1,LEP 5.1,1050,260,1380,OUT,1.01,1.01,1.01,1.11,1.11,out,Al200,VME run 1661,Dropped packets and RBU crashed at end of run,,,,,,,,
,,,,,,,,,,,,,,,,,,,,,,,,,,,,,,,,,,,
25/04,1779,,"Laurence, David","Complete, good",Full UPW,On ,07:50,10:23:00,toolDAQ,Good_mpmt_beam v44,,"pos. hadron, slit 1%",LEP 5.1,LEP 5.1,1050,260,1380,OUT,1.01,1.01,1.01,1.11,1.11,out,Al200,VME run 1662,,,,,,,,,
,,,,,,,,,,,,,,,,,,,,,,,,,,,,,,,,,,,
25/04,1781,,Laurence David,"Complete, good",Full UPW,On ,10:50,11:06:00,toolDAQ,Good_mpmt_beam v46,,"pos. hadron, slit 1 %",LEP9Li 2.0,LEP9Li 2.0,13000,-270,1447,OUT,1.01,1.01,1.01,1.11,1.11,out,Al200,VME run 1664,"Li9 window delayed by 0.05 seconds relative to spill, stopped to change",,,,,,,,
,,,,,,,,,,,,,,,,,,,,,,,,,,,,,,,,,,,
25/04,1782,,Laurence David,"Complete, good",Full UPW,On ,11:11,14:45:00,toolDAQ,Good_mpmt_beam v46,,"pos. hadron, slit 1 %",LEP9Li 2.0,LEP9Li 2.0,13000,-270,1447,OUT,1.01,1.01,1.01,1.11,1.11,out,Al200,VME run 1665,,,,,,,,,
,,,,,,,,,,,,,,,,,,,,,,,,,,,,,,,,,,,
25/04,1784,,Laurence David,"Complete, good",Full UPW,On ,15:05,16:01:00,toolDAQ,Good_mpmt_beam v46,,"pos. hadron, slit 1 %",LEP9Li 2.0,LEP9Li 2.0,13000,-270,1447,OUT,1.01,1.01,1.01,1.11,1.11,out,Al200,VME run 1666,,,,,,,,,
,,,,,,,,,,,,,,,,,,,,,,,,,,,,,,,,,,,
25/04,1785,,"Bruno, Julian","Complete, good",Full UPW,On ,16:26,17:00:00,toolDAQ,Good_mpmt_beam v46,,"pos. hadron, slit 1 %",LEP9Li 2.0,LEP9Li 2.0,13000,-270,1447,OUT,1.01,1.01,1.01,1.11,1.11,out,Al200,VME run 1667,,,,,,,,,
,,,,,,,,,,,,,,,,,,,,,,,,,,,,,,,,,,,
25/04,1786,,"Bruno, Julian","Complete, good",Full UPW,On ,19:17,22:17:00,toolDAQ,Good_mpmt_beam v44,,"tagged gamma, slit 1%",TP0.5 v4.4,TP0.5 v4.4,1050,500,1391,OUT,out,out,out,out,out,out,Be200 + W3,VME run 1668,,,,,,,,,
,,,,,,,,,,,,,,,,,,,,,,,,,,,,,,,,,,,
25/04,1788,,"Bruno, Julian","Complete, good",Full UPW,On ,22:47,01:43:00,toolDAQ,Good_mpmt_beam v44,,"tagged gamma, slit 1%",TP0.5 v4.4,TP0.5 v4.4,1050,500,1391,OUT,out,out,out,out,out,out,Be200 + W3,VME run 1669,,,,,,,,,
,,,,,,,,,,,,,,,,,,,,,,,,,,,,,,,,,,,
26/04,1790,,"Jasmine, Ka Ming","Complete, good",Full UPW,On ,02:03,05:02:00,toolDAQ,Good_mpmt_beam v44,,"tagged gamma, slit 1%",TP0.5 v4.4,TP0.5 v4.4,1050,500,1391,OUT,out,out,out,out,out,out,Be200 + W3,VME run 1670,,,,,,,,,
,,,,,,,,,,,,,,,,,,,,,,,,,,,,,,,,,,,
26/04,1792,,"Jasmine, Ka Ming","Complete, good",Full UPW,On ,05:24,08:30:00,toolDAQ,Good_mpmt_beam v44,,"tagged gamma, slit 1%",TP0.5 v4.4,TP0.5 v4.4,1050,500,1391,OUT,out,out,out,out,out,out,Be200 + W3,VME run 1671,,,,,,,,,
,,,,,,,,,,,,,,,,,,,,,,,,,,,,,,,,,,,
26/04,1794,,"David, Diego","Complete, good",Full UPW,On ,08:45,11:45:00,toolDAQ,Good_mpmt_beam v44,,"tagged gamma, slit 1%",TP0.5 v4.4,TP0.5 v4.4,1050,500,1391,OUT,out,out,out,out,out,out,Be200 + W3,VME run 1672,,,,,,,,,
,,,,,,,,,,,,,,,,,,,,,,,,,,,,,,,,,,,
26/04,1796,,"David, Diego","Complete, good",Full UPW,On ,11:58,14:22:00,toolDAQ,Good_mpmt_beam v44,,"tagged gamma, slit 1%",TP0.5 v4.4,TP0.5 v4.4,1050,500,1391,OUT,out,out,out,out,out,out,Be200 + W3,VME run 1673,,,,,,,,,
,,,,,,,,,,,,,,,,,,,,,,,,,,,,,,,,,,,
26/04,1798,,"David, Diego","Complete, good",Full UPW,On ,14:41,14:48:00,toolDAQ,Good_mpmt_beam v44,,"tagged gamma, slit 1%",TPNH v4.4,TPNH v4.4,41625,500,1391,OUT,out,out,out,out,out,out,Be200 + W3,VME run 1674,T0+T2 check (no HODO on trigger),,,,,,,,
,,,,,,,,,,,,,,,,,,,,,,,,,,,,,,,,,,,
26/04,1800,,"Bruno, Julian","Complete, good",Full UPW,On ,15:21,16:00:00,toolDAQ,Good_mpmt_beam v44,,"tagged gamma, slit 1%",T0TOF 1.2,T0TOF 1.2,41625,500,1391,OUT,out,out,out,out,out,out,Be200 + W3,VME run 1675,Momentum check 650 T0+TOF (no mag),,,,,,,,
,,,,,,,,,,,,,,,,,,,,,,,,,,,,,,,,,,,
26/04,1801,,"Bruno, Julian","Complete, good",Full UPW,On ,16:43,16:54:00,toolDAQ,Good_mpmt_beam v44,,"tagged gamma, slit 1%",TP1 v4.4,TPNH v4.4,1050,1000,1398,OUT,out,out,out,out,out,out,Be200 + W3,no VME,test run to check data,,,,,,,,
,,,,,,,,,,,,,,,,,,,,,,,,,,,,,,,,,,,
26/04,1802,,"Bruno, Julian","Complete, good",Full UPW,On ,17:14,17:30:00,toolDAQ,Good_mpmt_beam v44,,"tagged gamma, slit 1%",T0TOF 1.2,T0TOF 1.2,41625,650,1394,OUT,out,out,out,out,out,out,Be200 + W3,VME run 1676,Momentum check 650 T0+TOF (no mag),,,,,,,,
,,,,,,,,,,,,,,,,,,,,,,,,,,,,,,,,,,,
26/04,1803,,"Bruno, Julian","Complete, good",Full UPW,On ,17:46,18:03,toolDAQ,Good_mpmt_beam v44,,"tagged gamma, slit 1%",TPNH v4.4,TPNH v4.4,41625,650,1394,OUT,out,out,out,out,out,out,Be200 + W3,VME run 1677,T0+T2 check (no HODO on trigger),,,,,,,,
,,,,,,,,,,,,,,,,,,,,,,,,,,,,,,,,,,,
26/04,1804,,"Bruno, Julian","Complete, good",Full UPW,On ,18:10,21:16,toolDAQ,Good_mpmt_beam v44,,"tagged gamma, slit 1%",TP0.6 4.4,TP0.6 4.4,1050,650,1394,OUT,out,out,out,out,out,out,Be200 + W3,VME run 1678,,,,,,,,,
,,,,,,,,,,,,,,,,,,,,,,,,,,,,,,,,,,,
26/04,1806,,"Bruno, Julian","Complete, good",Full UPW,On ,21:38,00:33,toolDAQ,Good_mpmt_beam v44,,"tagged gamma, slit 1%",TP0.6 4.4,TP0.6 4.4,1050,650,1394,OUT,out,out,out,out,out,out,Be200 + W3,VME run 1679,,,,,,,,,
,,,,,,,,,,,,,,,,,,,,,,,,,,,,,,,,,,,
27/04,1808,,"Ka Ming, Jasmine","Complete, good",Full UPW,On ,00:50,03:52,toolDAQ,Good_mpmt_beam v44,,"tagged gamma, slit 1%",TP0.6 4.4,TP0.6 4.4,1050,650,1394,OUT,out,out,out,out,out,out,Be200 + W3,VME run 1680,,,,,,,,,
,,,,,,,,,,,,,,,,,,,,,,,,,,,,,,,,,,,
27/04,1810,,"Ka Ming, Jasmine","Complete, good",Full UPW,On ,04:08,07:12,toolDAQ,Good_mpmt_beam v44,,"tagged gamma, slit 1%",TP0.6 4.4,TP0.6 4.4,1050,650,1394,OUT,out,out,out,out,out,out,Be200 + W3,VME run 1681,,,,,,,,,
,,,,,,,,,,,,,,,,,,,,,,,,,,,,,,,,,,,
27/04,1812,,"David, Laurence","Complete, good",Full UPW,On ,07:31,10:32,toolDAQ,Good_mpmt_beam v44,,"tagged gamma, slit 1%",TP0.8 v4.4,TP0.8 v4.4,1050,800,1389,OUT,out,out,out,out,out,out,Be200 + W3,VME run 1682,Dropped packets end of run,,,,,,,,
,,,,,,,,,,,,,,,,,,,,,,,,,,,,,,,,,,,
27/04,1814,,"David, Laurence","Complete, errors",Full UPW,On ,10:52,12:02,toolDAQ,Good_mpmt_beam v44,,"tagged gamma, slit 1%",TP0.8 v4.4,TP0.8 v4.4,1050,800,1389,OUT,out,out,out,out,out,out,Be200 + W3,VME run 1683,"Beam stopped at 11:50, RBU crashed at 12:02",,,,,,,,
,,,,,,,,,,,,,,,,,,,,,,,,,,,,,,,,,,,
27/04,1816,,"Robert, Julian","Complete, good",Full UPW,On ,15:50,16:08,toolDAQ,Good_mpmt_beam v44,,"tagged gamma, slit 1%",TPNH v4.4,TPNH v4.4,41625,800,1389,OUT,out,out,out,out,out,out,Be200 + W3,VME run 1684,T0+T2 check (no HODO on trigger),,,,,,,,
,,,,,,,,,,,,,,,,,,,,,,,,,,,,,,,,,,,
27/04,1817,,"Robert, Julian","Complete, good",Full UPW,On ,16:26,16:47,toolDAQ,Good_mpmt_beam v44,,"tagged gamma, slit 1%",T0TOF 1.2,T0TOF 1.2,41625,800,1389,OUT,out,out,out,out,out,out,Be200 + W3,VME run 1685,Momentum check 800 T0+TOF (no mag),,,,,,,,
,,,,,,,,,,,,,,,,,,,,,,,,,,,,,,,,,,,
27/04,1818,,"Robert, Julian","Complete, good",Full UPW,On ,16:54,17:18,toolDAQ,Good_mpmt_beam v44,,"tagged gamma, slit 1%",T0TOF 1.1,T0TOF 1.1,41625,800,1389,OUT,out,out,out,out,out,out,Be200 + W3,VME run 1686,"Momentum check 800 T0+TOF (no mag), now with correct trigger config",,,,,,,,
,,,,,,,,,,,,,,,,,,,,,,,,,,,,,,,,,,,
27/04,1819,,"Robert, Julian","Complete, good",Full UPW,On ,17:31,17:45,toolDAQ,Good_mpmt_beam v44,,"tagged gamma, slit 1%",TPNH v4.4,TPNH v4.4,41625,800,1389,OUT,out,out,out,out,out,out,Be200 + W3,VME run 1687,T0+T2 check (no HODO on trigger),,,,,,,,
,,,,,,,,,,,,,,,,,,,,,,,,,,,,,,,,,,,
27/04,1820,,"Robert, Julian","Complete, good",Full UPW,On ,17:50,20:48,toolDAQ,Good_mpmt_beam v44,,"tagged gamma, slit 1%",TP0.8 v4.4,TP0.8 v4.4,1050,800,1389,OUT,out,out,out,out,out,out,Be200 + W3,VME run 1688,,,,,,,,,
,,,,,,,,,,,,,,,,,,,,,,,,,,,,,,,,,,,
27/04,1825,,"Robert, Julian","Complete, good",Full UPW,On ,22:32,00:00,toolDAQ,Good_mpmt_beam v44,,"tagged gamma, slit 1%",TP0.8 v4.4,TP0.8 v4.4,1050,800,1389,OUT,out,out,out,out,out,out,Be200 + W3,VME run 1689,mPMT 17 not connected to middleman,,,,,,,,
,,,,,,,,,,,,,,,,,,,,,,,,,,,,,,,,,,,
28/04,1827,,"Jasmine, Patrick","Complete, good",Full UPW,On ,00:34,03:27,toolDAQ,Good_mpmt_beam v44,,"tagged gamma, slit 1%",TP1 v4.4,TP1 v4.4,1050,1000,1398,OUT,out,out,out,out,out,out,Be200 + W3,VME run 1690,mPMT 17 not connected to middleman,,,,,,,,
,,,,,,,,,,,,,,,,,,,,,,,,,,,,,,,,,,,
28/04,1829,,"Jasmine, Patrick","Complete, good",Full UPW,On ,03:46,06:30,toolDAQ,Good_mpmt_beam v44,,"tagged gamma, slit 1%",TP1 v4.4,TP1 v4.4,1050,1000,1398,OUT,out,out,out,out,out,out,Be200 + W3,VME run 1691,mPMT 17 not connected to middleman,,,,,,,,
,,,,,,,,,,,,,,,,,,,,,,,,,,,,,,,,,,,
28/04,1831,,"Jasmine, Patrick","Complete, good",Full UPW,On ,06:47,09:23,toolDAQ,Good_mpmt_beam v44,,"tagged gamma, slit 1%",TP1 v4.4,TP1 v4.4,1050,1000,1398,OUT,out,out,out,out,out,out,Be200 + W3,VME run 1692,mPMT 17 not connected to middleman,,,,,,,,
,,,,,,,,,,,,,,,,,,,,,,,,,,,,,,,,,,,
28/04,1833,,"David, Laurence","Complete, good",Full UPW,On ,09:42,09:52,toolDAQ,Good_mpmt_beam v44,,"tagged gamma, slit 1%",TPNH v4.4,TPNH v4.4,41625,1000,1398,OUT,out,out,out,out,out,out,Be200 + W3,VME run 1693,mPMT 17 not connected to middleman,,,,,,,,
,,,,,,,,,,,,,,,,,,,,,,,,,,,,,,,,,,,
28/04,1834,,"David, Laurence","Complete, good",Full UPW,On ,10:00,10:16,toolDAQ,Good_mpmt_beam v44,,"tagged gamma, slit 1%",T0TOF 1.1,T0TOF 1.1,41625,1000,1398,OUT,out,out,out,out,out,out,Be200 + W3,VME run 1694,mPMT 17 not connected to middleman,,,,,,,,
,,,,,,,,,,,,,,,,,,,,,,,,,,,,,,,,,,,
28/04,1835,,"David, Laurence","Complete, good",Full UPW,On ,10:20,11:08,toolDAQ,Good_mpmt_beam v44,,"tagged gamma, slit 1%",T0TOF 1.1,T0TOF 1.1,41625,450,1509,OUT,out,out,out,out,out,out,Be200 + W3,VME run 1695 magnet out,mPMT 17 not connected to middleman,,,,,,,,
,,,,,,,,,,,,,,,,,,,,,,,,,,,,,,,,,,,
28/04,1836,,"David, Laurence","Complete, good",Full UPW,On ,11:17,11:34,toolDAQ,Good_mpmt_beam v44,,"tagged gamma, slit 1%",TPNH v4.4,TPNH v4.4,41625,450,1509,OUT,out,out,out,out,out,out,Be200 + W3,VME run 1696 magnet in,mPMT 17 not connected to middleman,,,,,,,,
,,,,,,,,,,,,,,,,,,,,,,,,,,,,,,,,,,,
28/04,1837,,"David, Laurence","Complete, good",Full UPW,On ,11:39,11:52,toolDAQ,Good_mpmt_beam v44,,"tagged gamma, slit 1%",TPNH v4.4,TPNH v4.4,41625,375,1510,OUT,out,out,out,out,out,out,Be200 + W3,VME run 1697 magnet in,mPMT 17 not connected to middleman,,,,,,,,
,,,,,,,,,,,,,,,,,,,,,,,,,,,,,,,,,,,
28/04,1838,,"David, Laurence","Complete, good",Full UPW,On ,12:00,12:44,toolDAQ,Good_mpmt_beam v44,,"tagged gamma, slit 1%",T0TOF 1.1,T0TOF 1.1,41625,375,1510,OUT,out,out,out,out,out,out,Be200 + W3,VME run 1698 magnet out,mPMT 17 not connected to middleman,,,,,,,,
,,,,,,,,,,,,,,,,,,,,,,,,,,,,,,,,,,,
28/04,1839,,"David, Laurence","Complete, good",Full UPW,On ,12:58,13:12,toolDAQ,Good_mpmt_beam v44,,"tagged gamma, slit 1%",TPNH v4.4,TPNH v4.4,41625,325,1511,OUT,out,out,out,out,out,out,Be200 + W3,VME run 1699 magnet in,mPMT 17 not connected to middleman,,,,,,,,
,,,,,,,,,,,,,,,,,,,,,,,,,,,,,,,,,,,
28/04,1840,,"David, Laurence","Complete, bad",Full UPW,On ,14:01,14:14,toolDAQ,Good_mpmt_beam v44,,"tagged gamma, slit 1%",LEP 5.1,LEP 5.1,1050,325,1511,OUT,out,out,out,out,out,out,Be200 + W3,"VME run 1699 magnet out DESY back in, stopped early, not enough stats and high noise from beam monitors, needed to begin hardware trigger installation ",mPMT 17 not connected to middleman,,,,,,,,
,,,,,,,,,,,,,,,,,,,,,,,,,,,,,,,,,,,
28/04,1841,,"Robert, Julian","Complete, good",Full UPW,On ,22:09,22:19,toolDAQ,Good_mpmt_beam v44,,"tagged gamma, slit 1%",LEP 5.1,LEP 5.1,1050,325,1511,OUT,out,out,out,out,out,out,Be200 + W3,VME run 1702,,,,,,,,,
,,,,,,,,,,,,,,,,,,,,,,,,,,,,,,,,,,,
28/04,1842,,"Robert, Julian","Complete, good",Full UPW,On ,22:27,22:48,toolDAQ,Good_mpmt_beam v44,,"tagged gamma, slit 1%",LEP 5.1,LEP 5.1,1050,325,1511,OUT,out,out,out,out,out,out,Be200 + W3,VME run 1703,dummy run,,,,,,,,
,,,,,,,,,,,,,,,,,,,,,,,,,,,"NB until next ACT change the ACT3-4 values look wrong, Bruno changed at the end of tagged gamma operation - Laurence to check likely 1.075",,,,,,,,
28/04,1844,,"Patrick, Jasmine","Complete, errors",Full UPW,On ,23:19,01:21,toolDAQ,Good_mpmt_beam v46,,"neg. hadron, slit 2%",LEP9Li 2.0,LEP9Li 2.0,13000,-340,1455,OUT,1.01,1.01,1.01,1.11,1.11,out,Be200 + W3,VME run 1704,"RBU crashed, and VME run accidentally ""quit"" not ""stop""",,,,,,,,
,,,,,,,,,,,,,,,,,,,,,,,,,,,,,,,,,,,
29/04,1846,,"Patrick, Jasmine","Complete, good",Full UPW,On ,01:39,04:40,toolDAQ,Good_mpmt_beam v46,,"neg. hadron, slit 2%",LEP9Li 2.0,LEP9Li 2.0,13000,-340,1455,OUT,1.01,1.01,1.01,1.11,1.11,out,Be200 + W3,VME run 1705,,,,,,,,,
,,,,,,,,,,,,,,,,,,,,,,,,,,,,,,,,,,,
29/04,1848,,"Patrick, Jasmine","Complete, good",Full UPW,On ,04:56,07:54,toolDAQ,Good_mpmt_beam v46,,"neg. hadron, slit 2%",LEP9Li 2.0,LEP9Li 2.0,13000,-340,1455,OUT,1.01,1.01,1.01,1.11,1.11,out,Be200 + W3,VME run 1707,,"t4_qdc_cut   = 250 , act_eveto_cut = 1000, act_muveto_cut = 3000",,,,,,,
,,,,,,,,,,,,,,,,,,,,,,,,,,,,,,,,,,,
29/04,1850,,"David, Laurence","Complete, errors",Full UPW,On ,08:08,08:53,toolDAQ,Good_mpmt_beam v46,,"neg. hadron, slit 2%",LEP9Li 2.0,LEP9Li 2.0,13000,-320,1452,OUT,1.01,1.01,1.01,1.11,1.11,out,Al200,VME run 1709,RBU crash with dropped packets,,,,,,,,
,,,,,,,,,,,,,,,,,,,,,,,,,,,,,,,,,,,
29/04,1851,,"David, Laurence","Complete, good",Full UPW,On ,08:55,11:24,toolDAQ,Good_mpmt_beam v46,,"neg. hadron, slit 2%",LEP9Li 2.0,LEP9Li 2.0,13000,-320,1452,OUT,1.01,1.01,1.01,1.11,1.11,out,Al200,VME run 1710,,,,,,,,,
,,,,,,,,,,,,,,,,,,,,,,,,,,,,,,,,,,,
29/04,1853,,"David, Laurence","Complete, good",Full UPW,On ,11:41,12:21,toolDAQ,Good_mpmt_beam v46,,"neg. hadron, slit 2%",LEP9Li 2.0,LEP9Li 2.0,13000,-320,1452,OUT,1.01,1.01,1.01,1.11,1.11,out,Al200,VME run 1711,,,,,,,,,
,,,,,,,,,,,,,,,,,,,,,,,,,,,,,,,,,,,
29/04,1855,,"David, Laurence","Complete, good",Full UPW,On ,13:47,14:05,toolDAQ,Good_mpmt_beam v44,," pos. hadron, slit 2%",LEP 5.1,LEP 5.1,1050,780,1365,OUT,1.01,1.01,1.01,1.015,1.015,1.015,Al200,VME run 1712,,,,,,,,,
,,,,,,,,,,,,,,,,,,,,,,,,,,,,,,,,,,,
29/04,1856,,"Robert, Julian","Complete, good",Full UPW,On ,15:05,18:29,toolDAQ,Good_mpmt_beam v44,," pos. hadron, slit 2%",LEP 5.1,LEP 5.1,1050,780,1365,OUT,1.01,1.01,1.01,1.015,1.015,1.015,Al200,VME run 1713,,,,,,,,,
,,,,,,,,,,,,,,,,,,,,,,,,,,,,,,,,,,,
29/04,1857,,"Robert, Julian","Complete, good",Full UPW,On ,19:36,20:08,toolDAQ,hardware_trigger v0,,"pos. hadron, slit 1 %",LEP 5.1,LEP 5.1,1050,780,1365,OUT,1.01,1.01,1.01,1.015,1.015,1.015,Al200,VME run 1714,,,,,,,,,
,,,,,,,,,,,,,,,,,,,,,,,,,,,,,,,,,,,
29/04,1858,,"Robert, Julian","Complete, good",Full UPW,On ,20:12,21:19,toolDAQ,hardware_trigger v1,,"pos. hadron, slit 1 %",LEP 5.1,LEP 5.1,1050,780,1365,OUT,1.01,1.01,1.01,1.015,1.015,1.015,Al200,VME run 1715,,,,,,,,,
,,,,,,,,,,,,,,,,,,,,,,,,,,,,,,,,,,,
29/04,1859,,"Robert, Julian","Complete, good",Full UPW,On ,21:40,12:40,toolDAQ,hardware_trigger v1,,"pos. hadron, slit 1 %",LEP 5.1,LEP 5.1,1050,780,1365,OUT,1.01,1.01,1.01,1.015,1.015,1.015,Al200,VME run 1716,Collimator opened from 25 to 50,,,,,,,,
,,,,,,,,,,,,,,,,,,,,,,,,,,,,,,,,,,,
30/04,1861,,"Jasmine, Patrick","Aborted, misinput",Full UPW,On ,00:56,01:01,toolDAQ,hardware_trigger v1,,"pos. hadron, slit 1 %",LEP 5.1,LEP 5.1,1050,780,1365,OUT,1.01,1.01,1.01,1.015,1.015,1.015,Al200,VME run 1717,"wrong config ""hardware trigger"" without underscore",,,,,,,,
,,,,,,,,,,,,,,,,,,,,,,,,,,,,,,,,,,,
30/04,1862,,"Jasmine, Patrick","Aborted, misinput",Full UPW,On ,01:22,,toolDAQ,hardware_trigger v1,,"pos. hadron, slit 1 %",LEP 5.1,LEP 5.1,1050,780,1365,OUT,1.01,1.01,1.01,1.015,1.015,1.015,Al200,VME run 1719,"wrong config ""hardware trigger"" without underscore",,,,,,,,
,,,,,,,,,,,,,,,,,,,,,,,,,,,,,,,,,,,
30/04,1863,,"Jasmine, Patrick","Complete, errors",Full UPW,On ,01:45,01:58,toolDAQ,hardware_trigger v1,,"pos. hadron, slit 1 %",LEP 5.1,LEP 5.1,1050,780,1365,OUT,1.01,1.01,1.01,1.015,1.015,1.015,Al200,VME run 1720,"dropped packets [1, 45, 48, 91, 101]",,,,,,,,
,,,,,,,,,,,,,,,,,,,,,,,,,,,,,,,,,,,
30/04,1864,,"Jasmine, Patrick","Complete, errors",Full UPW,On ,02:04,02:14,toolDAQ,hardware_trigger v1,,"pos. hadron, slit 1 %",LEP 5.1,LEP 5.1,1050,780,1365,OUT,1.01,1.01,1.01,1.015,1.015,1.015,Al200,VME run 1722,"dropped packets [1, 45, 48, 91, 101]",,,,,,,,
,,,,,,,,,,,,,,,,,,,,,,,,,,,,,,,,,,,
30/04,1865,,"Jasmine, Patrick","Complete, errors",Full UPW,On ,02:23,02:25,toolDAQ,hardware_trigger v1,,"pos. hadron, slit 1 %",LEP 5.1,LEP 5.1,1050,780,1365,OUT,1.01,1.01,1.01,1.015,1.015,1.015,Al200,VME run 1722,dropped packets [45],,,,,,,,
,,,,,,,,,,,,,,,,,,,,,,,,,,,,,,,,,,,
30/04,1866,,"Jasmine, Patrick","Complete, good",Full UPW,On ,02:40,05:42,toolDAQ,hardware_trigger v1,,"pos. hadron, slit 1 %",LEP 5.1,LEP 5.1,1050,780,1365,OUT,1.01,1.01,1.01,1.015,1.015,1.015,Al200,VME run 1724,dropped packets [45],,,,,,,,
,,,,,,,,,,,,,,,,,,,,,,,,,,,,,,,,,,,
30/04,1868,,"Jasmine, Patrick","Complete, good",Full UPW,On ,05:55,07:29,toolDAQ,hardware_trigger v1,,"pos. hadron, slit 1 %",LEP 5.1,LEP 5.1,1050,780,1365,OUT,1.01,1.01,1.01,1.015,1.015,1.015,Al200,VME run 1725,dropped packets [45],,,,,,,,
,,,,,,,,,,,,,,,,,,,,,,,,,,,,,,,,,,,
30/04,1870,,"Laurence,  David","Complete, good",Full UPW,On ,08:46,09:34,toolDAQ,hardware_trigger v1,,"pos. hadron, slit 1 %",LEP 5.1,LEP 5.1,1050,1100,1485,OUT,1.03,1.03,1.03,out,out,out,Al200,VME run 1726,dropped packets [45],Run note momentum value wrong (1100) correct,,,,,,,
,,,,,,,,,,,,,,,,,,,,,,,,,,,,,,,,,,,
30/04,1871,,"Laurence,  David","Complete, good",Full UPW,On ,09:40,10:00,toolDAQ,mPMT_hardware_trigger v1,,"pos. hadron, slit 1 %",LEP 5.1,LEP 5.1,1050,1100,1485,OUT,1.03,1.03,1.03,out,out,out,Al200,VME run 1727,dropped packets [45],Run note momentum value wrong (1100) correct,,,,,,,
,,,,,,,,,,,,,,,,,,,,,,,,,,,,,,,,,,,
30/04,1873,,"Laurence,  David","Complete, good",Full UPW,On ,10:17,11:23,toolDAQ,mPMT_hardware_trigger v1,,"pos. hadron, slit 1 %",LEP 5.1,LEP 5.1,1050,1200,1486,OUT,1.03,1.03,1.03,out,out,out,Al200,VME run 1728,,,,,,,,,
,,,,,,,,,,,,,,,,,,,,,,,,,,,,,,,,,,,
30/04,1875,,"Laurence,  David","Complete, good",Full UPW,On ,11:36,12:40,toolDAQ,mPMT_hardware_trigger v1,,"pos. hadron, slit 1 %",LEP 5.1,LEP 5.1,1050,1300,1487,OUT,1.03,1.03,1.03,out,out,out,Al200,VME run 1729,,,,,,,,,
,,,,,,,,,,,,,,,,,,,,,,,,,,,,,,,,,,,
30/04,1877,,"Laurence,  David","Complete, good",Full UPW,On ,13:02,14:24,toolDAQ,mPMT_hardware_trigger v1,,"pos. hadron, slit 1 %",LEP 5.1,LEP 5.1,1050,1400,1488,OUT,1.03,1.03,1.03,out,out,out,Al200,VME run 1730,,,,,,,,,
,,,,,,,,,,,,,,,,,,,,,,,,,,,,,,,,,,,
30/04,1878,,"Laurence,  David","Complete, good",Full UPW,On ,14:31,14:39,toolDAQ,mPMT_hardware_trigger v1,," pos. hadron, slit 2%",LEP 5.1,LEP 5.1,1050,1400,1488,OUT,1.03,1.03,1.03,out,out,out,Al200,VME run 1731,,,,,,,,,
,,,,,,,,,,,,,,,,,,,,,,,,,,,,,,,,,,,
30/04,1879,,"Laurence,  David","Complete, good",Full UPW,On ,14:47,14:55,toolDAQ,mPMT_hardware_trigger v1,," pos. hadron, slit 2%",LEP 5.1,LEP 5.1,1050,1400,1488,OUT,1.03,1.03,1.03,out,out,out,Al200,VME run 1732,"RBU failed high rate test at 6000 triggers per spill, RBU crashed",,,,,,,,
,,,,,,,,,,,,,,,,,,,,,,,,,,,,,,,,,,,
30/04,1880,,"Laurence,  David","Complete, good",Full UPW,On ,15:00,15:04,toolDAQ,mPMT_hardware_trigger v0,," pos. hadron, slit 2%",LEP 5.1,LEP 5.1,1050,1400,1488,OUT,1.03,1.03,1.03,out,out,out,Al200,VME run 1733,"Switched to no RBU event builder, got 6GB part files, stopped early.",,,,,,,,
,,,,,,,,,,,,,,,,,,,,,,,,,,,,,,,,,,,
30/04,1881,,"Robert, Julian","Complete, good",Full UPW,On ,15:22,15:36,toolDAQ,mPMT_hardware_trigger v1,," pos. hadron, slit 2%",LEP 5.1,LEP 5.1,1050,1400,1488,OUT,1.03,1.03,1.03,out,out,out,Al200,VME run 1734,,,,,,,,,
,,,,,,,,,,,,,,,,,,,,,,,,,,,,,,,,,,,
30/04,1882,,"Robert, Julian","Complete, good",Full UPW,On ,15:40,16:28,toolDAQ,mPMT_hardware_trigger v1,," pos. hadron, slit 2%",LEP 5.1,LEP 5.1,1050,1400,1488,OUT,1.03,1.03,1.03,out,out,out,Al200,VME run 1735,,,,,,,,,
,,,,,,,,,,,,,,,,,,,,,,,,,,,,,,,,,,,
30/04,1883,,"Robert, Julian","Complete, good",Full UPW,On ,18:40,21:38,toolDAQ,Good_mpmt_beam v48,," pos. hadron, slit 2%",LEP 5.1,LEP 5.1,1050,250,1379,OUT,1.01,1.01,1.01,1.11,1.11,out,Al200,VME run 1736,,,,,,,,,
,,,,,,,,,,,,,,,,,,,,,,,,,,,,,,,,,,,
30/04,1886,,"Robert, Julian","Complete, good",Full UPW,On ,21:59,01:08,toolDAQ,Good_mpmt_beam v48,," pos. hadron, slit 2%",LEP 5.1,LEP 5.1,1050,250,1379,OUT,1.01,1.01,1.01,1.11,1.11,out,Al200,VME run 1737,,,,,,,,,
,,,,,,,,,,,,,,,,,,,,,,,,,,,,,,,,,,,
01/05,1888,,"Patrick, Ryotaro","Complete, good",Full UPW,On ,01:30,04:40,toolDAQ,Good_mpmt_beam v48,," pos. hadron, slit 2%",LEP 5.1,LEP 5.1,1050,250,1379,OUT,1.01,1.01,1.01,1.11,1.11,out,Al200,VME run 1738,,,,,,,,,
,,,,,,,,,,,,,,,,,,,,,,,,,,,,,,,,,,,
01/05,1890,,"Patrick, Ryotaro","Complete, good",Full UPW,On ,04:53,07:54,toolDAQ,Good_mpmt_beam v48,," pos. hadron, slit 2%",LEP 5.1,LEP 5.1,1050,250,1379,OUT,1.01,1.01,1.01,1.11,1.11,out,Al200,VME run 1739,,,,,,,,,
,,,,,,,,,,,,,,,,,,,,,,,,,,,,,,,,,,,
01/05,1892,,"Laurence, Katarzyna ","Complete, good",Full UPW,On ,08:14,08:20,toolDAQ,Good_mpmt_beam v48,," pos. hadron, slit 2%",LEP 5.1,LEP 5.1,1050,250,1379,OUT,1.01,1.01,1.01,1.11,1.11,out,Al200,VME run 1740,,,,,,,,,
,,,,,,,,,,,,,,,,,,,,,,,,,,,,,,,,,,,
01/05,1893,,"Laurence, Katarzyna ","Complete, good",Full UPW,On ,08:27,09:56,toolDAQ,Good_mpmt_beam v48,," pos. hadron, slit 2%",LEP 5.1,LEP 5.1,1050,240,1406,OUT,1.01,1.01,1.01,1.11,1.11,out,Al200,VME run 1741,,,,,,,,,
,,,,,,,,,,,,,,,,,,,,,,,,,,,,,,,,,,,
01/05,1898,,"Laurence, Katarzyna ","Complete, good",Full UPW,On ,13:51,16:48,toolDAQ,Good_mpmt_beam v48,," pos. hadron, slit 2%",LEP 5.1,LEP 5.1,1050,370,1423,OUT,1.01,1.01,1.01,1.06,1.06,out,Al200,VME run 1743,,,,,,,,,
,,,,,,,,,,,,,,,,,,,,,,,,,,,,,,,,,,,
01/05,1900,,"Justyna, Robert","Complete, good",Full UPW,On ,17:03,17:25,toolDAQ,Good_mpmt_beam v48,," pos. hadron, slit 2%",LEP 5.1,LEP 5.1,1050,370,1423,OUT,1.01,1.01,1.01,1.06,1.06,out,Al200,VME run 1744,VME checks crashed (ana_calib),,,,,,,,
,,,,,,,,,,,,,,,,,,,,,,,,,,,,,,,,,,,
01/05,1901,,"Justyna, Robert","Complete, good",Full UPW,On ,17:31,19:12,toolDAQ,Good_mpmt_beam v48,," pos. hadron, slit 2%",LEP 5.1,LEP 5.1,1050,370,1423,OUT,1.01,1.01,1.01,1.06,1.06,out,Al200,VME run 1745,,,,,,,,,
,,,,,,,,,,,,,,,,,,,,,,,,,,,,,,,,,,,
01/05,1903,,"Justyna, Robert","Complete, errors",Full UPW,On ,19:48,22:35,toolDAQ,Good_mpmt_beam v48,,"neg. hadron, slit 2%",LEP9Li 2.0,LEP9Li 2.0,1050,-370,1457,OUT,1.01,1.01,1.01,1.06,1.06,out,Al200,VME run 1746,Deadtime should've be 13000,,,,,,,,
,,,,,,,,,,,,,,,,,,,,,,,,,,,,,,,,,,,
01/05,1905,,"Justyna, Robert","Complete, errors",Full UPW,On ,22:51,00:03,toolDAQ,Good_mpmt_beam v48,,"neg. hadron, slit 2%",LEP9Li 2.0,LEP9Li 2.0,1050,-370,1457,OUT,1.01,1.01,1.01,1.06,1.06,out,Al200,VME run 1747,Deadtime should've be 13000,,,,,,,,
,,,,,,,,,,,,,,,,,,,,,,,,,,,,,,,,,,,
02/05,1907,,"Jasmine, Patrick","Complete, good",Full UPW,On ,00:24,03:24,toolDAQ,Good_mpmt_beam v47,,"neg. hadron, slit 2%",LEP9Li 2.0,LEP9Li 2.0,13000,-370,1457,OUT,1.01,1.01,1.01,1.06,1.06,out,Al200,VME run 1749,,,,,,,,,
,,,,,,,,,,,,,,,,,,,,,,,,,,,,,,,,,,,
02/05,1909,,"Jasmine, Patrick","Complete, good",Full UPW,On ,03:38,06:17,toolDAQ,Good_mpmt_beam v47,,"neg. hadron, slit 2%",LEP9Li 2.0,LEP9Li 2.0,13000,-370,1457,OUT,1.01,1.01,1.01,1.06,1.06,out,Al200,VME run 1750,,,,,,,,,
,,,,,,,,,,,,,,,,,,,,,,,,,,,,,,,,,,,
02/05,1911,,"Jasmine, Patrick","Complete, errors",Full UPW,On ,06:31,07:45,toolDAQ,Good_mpmt_beam v47,,"neg. hadron, slit 2%",LEP9Li 2.0,LEP9Li 2.0,13000,-360,1454,OUT,1.01,1.01,1.01,1.06,1.06,out,Al200,VME run 1751,dropped packets at end of run,,,,,,,,
,,,,,,,,,,,,,,,,,,,,,,,,,,,,,,,,,,,
02/05,1916,,"Laurence, Katarzyna ","Complete, good",Full UPW,On ,08:19,09:20,toolDAQ,Good_mpmt_beam v47,,"neg. hadron, slit 2%",LEP9Li 2.0,LEP9Li 2.0,13000,-360,1454,OUT,1.01,1.01,1.01,1.06,1.06,out,Al200,VME run 1755,,,,,,,,,
,,,,,,,,,,,,,,,,,,,,,,,,,,,,,,,,,,,
02/05,1918,,"Laurence, Katarzyna ","Complete, good",Full UPW,On ,09:52,11:25,toolDAQ,Good_mpmt_beam v47,,"neg. hadron, slit 2%",LEP9Li 2.0,LEP9Li 2.0,13000,-390,1599,OUT,1.01,1.01,1.01,1.06,1.06,out,Al200,VME run 1757,,,,,,,,,
,,,,,,,,,,,,,,,,,,,,,,,,,,,,,,,,,,,
02/05,1919,,"Laurence, Katarzyna ","Complete, good",Full UPW,On ,11:59,13:44,toolDAQ,Good_mpmt_beam v47,,"neg. hadron, slit 2%",LEP9Li 2.0,LEP9Li 2.0,13000,-390,1599,OUT,1.01,1.01,1.01,1.06,1.06,out,Al200,VME run 1758,,,,,,,,,
,,,,,,,,,,,,,,,,,,,,,,,,,,,,,,,,,,,
02/05,1920,,"Laurence, Katarzyna ","Complete, good",Full UPW,On ,13:59,15:02,toolDAQ,Good_mpmt_beam v47,,"neg. hadron, slit 2%",LEP9Li 2.0,LEP9Li 2.0,13000,-390,1599,OUT,1.01,1.01,1.01,1.06,1.06,out,Al200,VME run 1759,,,,,,,,,
,,,,,,,,,,,,,,,,,,,,,,,,,,,,,,,,,,,
02/05,1921,,"Robert, Justyna","Complete, good",Full UPW,On ,15:20,16:47,toolDAQ,Good_mpmt_beam v47,,"neg. hadron, slit 2%",LEP9Li 2.0,LEP9Li 2.0,13000,-390,1599,OUT,1.01,1.01,1.01,1.06,1.06,out,Al200,VME run 1760,,,,,,,,,
,,,,,,,,,,,,,,,,,,,,,,,,,,,,,,,,,,,
02/05,1928,,"Robert, Justyna","Complete, good",Full UPW,On ,19:42,22:18,toolDAQ,Good_mpmt_beam v47,,"neg. hadron, slit 2%",LEP9Li 2.0,LEP9Li 2.0,13000,-260,1446,OUT,1.01,1.01,1.01,1.11,1.11,out,Al200,VME run 1761,,,,,,,,,
,,,,,,,,,,,,,,,,,,,,,,,,,,,,,,,,,,,
02/05,1930,,"Ryotaro, Patrick","Complete, good",Full UPW,On ,22:34,01:40,toolDAQ,Good_mpmt_beam v47,,"neg. hadron, slit 2%",LEP9Li 2.0,LEP9Li 2.0,13000,-260,1446,OUT,1.01,1.01,1.01,1.11,1.11,out,Al200,VME run 1762,,,,,,,,,
,,,,,,,,,,,,,,,,,,,,,,,,,,,,,,,,,,,
03/05,1932,,"Ryotaro, Patrick","Complete, good",Full UPW,On ,01:57,05:01,toolDAQ,Good_mpmt_beam v47,,"neg. hadron, slit 2%",LEP9Li 2.0,LEP9Li 2.0,13000,-260,1446,OUT,1.01,1.01,1.01,1.11,1.11,out,Al200,VME run 1763,,,,,,,,,
,,,,,,,,,,,,,,,,,,,,,,,,,,,,,,,,,,,
03/05,1934,,"Ryotaro, Patrick","Complete, good",Full UPW,On ,05:13,07:10,toolDAQ,Good_mpmt_beam v47,,"neg. hadron, slit 2%",LEP9Li 2.0,LEP9Li 2.0,13000,-260,1446,OUT,1.01,1.01,1.01,1.11,1.11,out,Al200,VME run 1764,,,,,,,,,
,,,,,,,,,,,,,,,,,,,,,,,,,,,,,,,,,,,
03/05,1935,,"John, Katarzyna ","Complete, good",Full UPW,On ,07:15,09:01,toolDAQ,Good_mpmt_beam v47,,"neg. hadron, slit 2%",LEP9Li 2.0,LEP9Li 2.0,13000,-260,1446,OUT,1.01,1.01,1.01,1.11,1.11,out,Al200,VME run 1765,,,,,,,,,
,,,,,,,,,,,,,,,,,,,,,,,,,,,,,,,,,,,
03/05,1936,,"John, Katarzyna ","Complete, good",Full UPW,On ,09:06,11:01,toolDAQ,Good_mpmt_beam v47,,"neg. hadron, slit 2%",LEP9Li 2.0,LEP9Li 2.0,13000,-260,1446,OUT,1.01,1.01,1.01,1.11,1.11,out,Al200,VME run 1766,,,,,,,,,
,,,,,,,,,,,,,,,,,,,,,,,,,,,,,,,,,,,
03/05,1937,,"John, Katarzyna ","Complete, good",Full UPW,On ,11:06,13:59,toolDAQ,Good_mpmt_beam v47,,"neg. hadron, slit 2%",LEP9Li 2.0,LEP9Li 2.0,13000,-260,1446,OUT,1.01,1.01,1.01,1.11,1.11,out,Al200,VME run 1767,,,,,,,,,
,,,,,,,,,,,,,,,,,,,,,,,,,,,,,,,,,,,
03/05,1938,,"John, Katarzyna ","Complete, good",Full UPW,On ,14:08,16:59,toolDAQ,Good_mpmt_beam v47,,"neg. hadron, slit 2%",LEP9Li 2.0,LEP9Li 2.0,13000,-260,1446,OUT,1.01,1.01,1.01,1.11,1.11,out,Al200,VME run 1768,,,,,,,,,
,,,,,,,,,,,,,,,,,,,,,,,,,,,,,,,,,,,
03/05,1939,"Justyna, Blair","Justyna, Blair","Complete, good",Full UPW,On ,17:04,19:58,toolDAQ,Good_mpmt_beam v47,,"neg. hadron, slit 2%",LEP9Li 2.0,LEP9Li 2.0,13000,-260,1446,OUT,1.01,1.01,1.01,1.11,1.11,out,Al200,VME run 1769,,,,,,,,,
,,,,,,,,,,,,,,,,,,,,,,,,,,,,,,,,,,,
03/05,1941,"Justyna, Blair","Justyna, Blair","Complete, good",Full UPW,On ,20:19,23:14,toolDAQ,Good_mpmt_beam v47,,"neg. hadron, slit 2%",LEP9Li 2.0,LEP9Li 2.0,13000,-260,1446,OUT,1.01,1.01,1.01,1.11,1.11,out,Al200,VME run 1770,,,,,,,,,
,,,,,,,,,,,,,,,,,,,,,,,,,,,,,,,,,,,
03/05,1943,"Justyna, Blair","Ka Ming, Ryotaro","Complete, errors",Full UPW,On ,23:31,02:39,toolDAQ,Good_mpmt_beam v47,,"neg. hadron, slit 2%",LEP9Li 2.0,LEP9Li 2.0,13000,-260,1446,OUT,1.01,1.01,1.01,1.11,1.11,out,Al200,VME run 1771,Pump B was stopped and restarted.,,,,,,,,
,,,,,,,,,,,,,,,,,,,,,,,,,,,,,,,,,,,
04/05,1945,"Justyna, Blair","Ka Ming, Ryotaro","Complete, good",Full UPW,On ,02:58,05:59,toolDAQ,Good_mpmt_beam v47,,"neg. hadron, slit 2%",LEP9Li 2.0,LEP9Li 2.0,13000,-270,1447,OUT,1.01,1.01,1.01,1.11,1.11,out,Al200,VME run 1772,,,,,,,,,
,,,,,,,,,,,,,,,,,,,,,,,,,,,,,,,,,,,
04/05,1947,"Justyna, Blair","Ka Ming, Ryotaro","Complete, good",Full UPW,On ,06:15,08:03,toolDAQ,Good_mpmt_beam v47,,"neg. hadron, slit 2%",LEP9Li 2.0,LEP9Li 2.0,13000,-270,1447,OUT,1.01,1.01,1.01,1.11,1.11,out,Al200,VME run 1773,,,,,,,,,
,,,,,,,,,,,,,,,,,,,,,,,,,,,,,,,,,,,
04/05,1948,"Justyna, Blair","John, Katarzyna ","Complete, good",Full UPW,On ,09:10,12:26,toolDAQ,Good_mpmt_beam v47,,"neg. hadron, slit 2%",LEP9Li 2.0,LEP9Li 2.0,13000,-270,1447,OUT,1.01,1.01,1.01,1.11,1.11,out,Al200,VME run 1774,,,,,,,,,
,,,,,,,,,,,,,,,,,,,,,,,,,,,,,,,,,,,
04/05,1950,"Justyna, Blair","John, Katarzyna ","Complete, bad",Full UPW,On ,12:47,14:44,toolDAQ,Good_mpmt_beam v47,,"neg. hadron, slit 2%",LEP9Li 2.0,LEP9Li 2.0,13000,-270,1447,OUT,1.01,1.01,1.01,1.11,1.11,out,Al200,VME run 1775,no beam from 12:30 until the end of this run ,,,,,,,,
,,,,,,,,,,,,,,,,,,,,,,,,,,,,,,,,,,,
04/05,1952,"Justyna, Blair","John, Katarzyna ","Complete, good",Full UPW,On ,15:01,18:00,toolDAQ,Good_mpmt_beam v49,,"neg. hadron, slit 2%",LEP9Li 2.0,LEP9Li 2.0,13000,-270,1447,OUT,1.01,1.01,1.01,1.11,1.11,out,Al200,VME run 1776,,,,,,,,,
,,,,,,,,,,,,,,,,,,,,,,,,,,,,,,,,,,,
04/05,1954,"Justyna, Blair","Justyna, Blair","Complete, good",Full UPW,On ,18:14,20:58,toolDAQ,Good_mpmt_beam v49,,"neg. hadron, slit 2%",LEP9Li 2.0,LEP9Li 2.0,13000,-270,1447,OUT,1.01,1.01,1.01,1.11,1.11,out,Al200,VME run 1777,,,,,,,,,
,,,,,,,,,,,,,,,,,,,,,,,,,,,,,,,,,,,
04/05,1956,"Justyna, Blair","Justyna, Blair","Complete, errors",Full UPW,On ,21:11,23:04,toolDAQ,Good_mpmt_beam v49,,"neg. hadron, slit 2%",LEP9Li 2.0,LEP9Li 2.0,13000,-270,1447,OUT,1.01,1.01,1.01,1.11,1.11,out,Al200,VME run 1778,stopped run early due to dropped packets from all mPMTs,,,,,,,,
,,,,,,,,,,,,,,,,,,,,,,,,,,,,,,,,,,,
04/05,1962,"Justyna, Blair","Ka Ming, Ryotaro","Complete, good",Full UPW,On ,23:49,02:53,toolDAQ,Good_mpmt_beam v49,,"neg. hadron, slit 2%",LEP9Li 2.0,LEP9Li 2.0,13000,-270,1447,OUT,1.01,1.01,1.01,1.11,1.11,out,Al200,VME run 1779,,,,,,,,,
,,,,,,,,,,,,,,,,,,,,,,,,,,,,,,,,,,,
05/05,1964,"Justyna, Blair","Ka Ming, Ryotaro","Complete, good",Full UPW,On ,03:10,06:10,toolDAQ,Good_mpmt_beam v49,,"neg. hadron, slit 2%",LEP9Li 2.0,LEP9Li 2.0,13000,-270,1447,OUT,1.01,1.01,1.01,1.11,1.11,out,Al200,VME run 1780,Beam stopped from 4am,,,,,,,,
,,,,,,,,,,,,,,,,,,,,,,,,,,,,,,,,,,,
05/05,1967,"Justyna, Blair","John, Katarzyna ","Complete, errors",Full UPW,On ,07:33,07:40,toolDAQ,Good_mpmt_beam v49,,"neg. hadron, slit 2%",LEP9Li 2.0,LEP9Li 2.0,13000,-270,1447,OUT,1.01,1.01,1.01,1.11,1.11,out,Al200,VME run 1781,stopped run because of dropped packets ,,,,,,,,
,,,,,,,,,,,,,,,,,,,,,,,,,,,,,,,,,,,
05/05,1968,"Justyna, Blair","John, Katarzyna ","Complete, good",Full UPW,On ,07:45,10:38,toolDAQ,Good_mpmt_beam v49,,"neg. hadron, slit 2%",LEP9Li 2.0,LEP9Li 2.0,13000,-270,1447,OUT,1.01,1.01,1.01,1.11,1.11,out,Al200,VME run 1782,short periods without beam ,,,,,,,,
,,,,,,,,,,,,,,,,,,,,,,,,,,,,,,,,,,,
05/05,1971,"Justyna, Blair","John, Katarzyna ","Bad, Incomplete",Full UPW,On ,11:11,11:29,toolDAQ,Good_mpmt_beam v49,,"neg. hadron, slit 2%",LEP9Li 2.0,LEP9Li 2.0,13000,-280,1448,OUT,1.01,1.01,1.01,1.11,1.11,out,Al200,VME run 1783,many PMT have HV off  ,,,,,,,,
,,,,,,,,,,,,,,,,,,,,,,,,,,,,,,,,,,,
05/05,1972,"Justyna, Blair","John, Katarzyna ","Complete, errors",Full UPW,On ,11:37,13:05,toolDAQ,Good_mpmt_beam v49,,"neg. hadron, slit 2%",LEP9Li 2.0,LEP9Li 2.0,13000,-280,1448,OUT,1.01,1.01,1.01,1.11,1.11,out,Al200,VME run 1784,stopped run because of dropped packets ,,,,,,,,
,,,,,,,,,,,,,,,,,,,,,,,,,,,,,,,,,,,
05/05,1974,"Justyna, Blair","John, Katarzyna ","Bad, Incomplete",Full UPW,On ,13:24,13:41,toolDAQ,Good_mpmt_beam v49,,"neg. hadron, slit 2%",LEP9Li 2.0,LEP9Li 2.0,13000,-280,1448,OUT,1.01,1.01,1.01,1.11,1.11,out,Al200,VME run 1785,,,,,,,,,
,,,,,,,,,,,,,,,,,,,,,,,,,,,,,,,,,,,
05/05,1975,"Justyna, Blair","John, Katarzyna ","Bad, Incomplete",Full UPW,On ,13:48,13:49,toolDAQ,Good_mpmt_beam v49,,"neg. hadron, slit 2%",LEP9Li 2.0,LEP9Li 2.0,13000,-280,1448,OUT,1.01,1.01,1.01,1.11,1.11,out,Al200,VME run 1786,,,,,,,,,
,,,,,,,,,,,,,,,,,,,,,,,,,,,,,,,,,,,
05/05,1976,"Justyna, Blair","John, Katarzyna ","Complete, good",Full UPW,On ,14:00,14:18,toolDAQ,Good_mpmt_beam v49,,"neg. hadron, slit 2%",LEP9Li 2.0,LEP9Li 2.0,13000,-280,1448,OUT,1.01,1.01,1.01,1.11,1.11,out,Al200,VME run 1787,,,,,,,,,
,,,,,,,,,,,,,,,,,,,,,,,,,,,,,,,,,,,
05/05,1977,"Justyna, Blair","John, Katarzyna ",,Full UPW,On ,14:36,14:39,toolDAQ,Good_mpmt_beam v49,,"neg. hadron, slit 2%",LEP9Li 2.0,LEP9Li 2.0,264000,,1448,OUT,1.01,1.01,1.01,1.11,1.11,out,Al200,,,,,,,,,,
,,,,,,,,,,,,,,,,,,,,,,,,,,,,,,,,,,,
05/05,1990,"Justyna, Blair","Justyna, Blair","Complete, errors",Full UPW,On ,19:40,20:51,toolDAQ,Good_mpmt_beam v49,,"neg. hadron, slit 2%",LEP9Li 2.0,LEP9Li 2.0,13000,-280,1448,OUT,1.01,1.01,1.01,1.11,1.11,out,Al200,VME run 1788,,,,,,,,,
,,,,,,,,,,,,,,,,,,,,,,,,,,,,,,,,,,,
05/05,1992,"Justyna, Blair","Justyna, Blair","Complete, errors",Full UPW,On ,21:14,22:00,toolDAQ,Good_mpmt_beam v49,,"neg. hadron, slit 2%",LEP9Li 2.0,LEP9Li 2.0,13000,-280,1448,OUT,1.01,1.01,1.01,1.11,1.11,out,Al200,VME run 1789,,,,,,,,,
,,,,,,,,,,,,,,,,,,,,,,,,,,,,,,,,,,,
05/05,1994,"Justyna, Blair","Justyna, Blair","Complete, good",Full UPW,On ,22:14,01:13,toolDAQ,Good_mpmt_beam v49,,"neg. hadron, slit 2%",LEP9Li 2.0,LEP9Li 2.0,13000,-280,1448,OUT,1.01,1.01,1.01,1.11,1.11,out,Al200,VME run 1790,,,,,,,,,
,,,,,,,,,,,,,,,,,,,,,,,,,,,,,,,,,,,
06/05,1996,"Justyna, Blair","Ka Ming, Ryotaro","Complete, good",Full UPW,On ,01:35,04:37,toolDAQ,Good_mpmt_beam v49,,"neg. hadron, slit 2%",LEP9Li 2.0,LEP9Li 2.0,13000,-280,1448,OUT,1.01,1.01,1.01,1.11,1.11,out,Al200,VME run 1791,,,,,,,,,
,,,,,,,,,,,,,,,,,,,,,,,,,,,,,,,,,,,
06/05,1998,"Justyna, Blair","Ka Ming, Ryotaro","Complete, errors",Full UPW,On ,04:56,06:49,toolDAQ,Good_mpmt_beam v49,,"neg. hadron, slit 2%",LEP9Li 2.0,LEP9Li 2.0,13000,-280,1448,OUT,1.01,1.01,1.01,1.11,1.11,out,Al200,VME run 1792,RBU error: throwing away bad data,,,,,,,,
,,,,,,,,,,,,,,,,,,,,,,,,,,,,,,,,,,,
06/05,2000,"Justyna, Blair","John, Katarzyna ","Complete, good",Full UPW,On ,07:24,09:15,toolDAQ,Good_mpmt_beam v49,,"neg. hadron, slit 2%",LEP9Li 2.0,LEP9Li 2.0,13000,-280,1448,OUT,1.01,1.01,1.01,1.11,1.11,out,Al200,VME run 1793,,,,,,,,,
,,,,,,,,,,,,,,,,,,,,,,,,,,,,,,,,,,,
06/05,2004,"Justyna, Blair","John, Katarzyna ","Complete, errors",Full UPW,On ,12:24,12:26,toolDAQ,Good_mpmt_beam v49,,"neg. hadron, slit 2%",LEP9Li 2.0,LEP9Li 2.0,13000,-360,1454,OUT,1.01,1.01,1.01,1.06,1.06,out,Al200,VME run 1794,stopped due to dropped packets ,,,,,,,,
,,,,,,,,,,,,,,,,,,,,,,,,,,,,,,,,,,,
06/05,2005,"Justyna, Blair","John, Katarzyna ","Complete, errors",Full UPW,On ,12:34,12:58,toolDAQ,Good_mpmt_beam v49,,"neg. hadron, slit 2%",LEP9Li 2.0,LEP9Li 2.0,13000,-360,1454,OUT,1.01,1.01,1.01,1.06,1.06,out,Al200,VME run 1795,stopped due to dropped packets ,,,,,,,,
,,,,,,,,,,,,,,,,,,,,,,,,,,,,,,,,,,,
06/05,2006,"Justyna, Blair","John, Katarzyna ","Complete, errors",Full UPW,On ,13:07,13:31,toolDAQ,Good_mpmt_beam v49,,"neg. hadron, slit 2%",LEP9Li 2.0,LEP9Li 2.0,13000,-360,1454,OUT,1.01,1.01,1.01,1.06,1.06,out,Al200,VME run 1796,Seems like next VME run was started with the same number and the files may be overwritten,,,,,,,,
,,,,,,,,,,,,,,,,,,,,,,,,,,,,,,,,,,,
06/05,2007,"Justyna, Blair","John, Katarzyna ","Complete, errors",Full UPW,On ,13:54,16:12,toolDAQ,Good_mpmt_beam v49,,"neg. hadron, slit 2%",LEP9Li 2.0,LEP9Li 2.0,13000,-360,1454,OUT,1.01,1.01,1.01,1.06,1.06,out,Al200,VME run 1796,"no beam at the start, time stamp in VME run got crazy",,,,,,,,
,,,,,,,,,,,,,,,,,,,,,,,,,,,,,,,,,,,
06/05,2009,,"Justyna, Blair","Complete, good",Full UPW,On ,16:29,19:26,toolDAQ,Good_mpmt_beam v49,,"neg. hadron, slit 2%",LEP9Li 2.0,LEP9Li 2.0,13000,-360,1454,OUT,1.01,1.01,1.01,1.06,1.06,out,Al200,VME run 1797,,,,,,,,,
,,,,,,,,,,,,,,,,,,,,,,,,,,,,,,,,,,,
06/05,2011,,"Justyna, Blair, Anna","Complete, good",Full UPW,On ,19:45,20:30,toolDAQ,Good_mpmt_beam v49,,"neg. hadron, slit 2%",LEP9Li 2.0,LEP9Li 2.0,13000,-360,1454,OUT,1.01,1.01,1.01,1.06,1.06,out,Al200,VME run 1798,,,,,,,,,
,,,,,,,,,,,,,,,,,,,,,,,,,,,,,,,,,,,
06/05,2013,,"Justyna, Blair,Rituparna","Complete, errors",Full UPW,On ,21:18,22:14,toolDAQ,Good_mpmt_beam v49,,"pos. hadron, slit 2%",LEP 5.1,LEP 5.1,1050,380,1454,OUT,1.01,1.01,1.01,1.06,1.06,out,Al200,VME run 1799,stopped because of error: Message from WCTE_RBU (severity=0) is Warning: Worker Pool Threads Maxed,,,,,,,,
,,,,,,,,,,,,,,,,,,,,,,,,,,,,,,,,,,,
06/05,2017,,"Justyna, Blair","Complete, good",Full UPW,On ,22:41,01:42,toolDAQ,Good_mpmt_beam v49,,"pos. hadron, slit 2%",LEP 5.1,LEP 5.1,1050,380,1454,OUT,1.01,1.01,1.01,1.06,1.06,out,Al200,VME run 1800,,,,,,,,,
,,,,,,,,,,,,,,,,,,,,,,,,,,,,,,,,,,,
07/05,2019,,"Ka Ming, Ryotaro","Complete, good",Full UPW,On ,02:01,05:00,toolDAQ,Good_mpmt_beam v49,,"pos. hadron, slit 2%",LEP 5.1,LEP 5.1,1050,380,1454,OUT,1.01,1.01,1.01,1.06,1.06,out,Al200,VME run 1801,,,,,,,,,
,,,,,,,,,,,,,,,,,,,,,,,,*,,,,,,,,,,,
07/05,2021,,"Ka Ming, Ryotaro","Complete, good",Full UPW,On ,05:18,07:14,toolDAQ,Good_mpmt_beam v49,,"pos. hadron, slit 2%",LEP 5.1,LEP 5.1,1050,380,1454,OUT,1.01,1.01,1.01,1.06,1.06,out,Al200,VME run 1802,,,,,,,,,
,,,,,,,,,,,,,,,,,,,,,,,,,,,,,,,,,,,
07/05,2023,,"John, Ka Ming, Ryotaro","Complete, good",Full UPW,On ,07:33,09:30,toolDAQ,Good_mpmt_beam v49,,"pos. hadron, slit 2%",LEP 5.1,LEP 5.1,1050,370,1423,OUT,1.01,1.01,1.01,1.06,1.06,out,Al200,VME run 1803,,,,,,,,,
,,,,,,,,,,,,,,,,,,,,,,,,,,,,,,,,,,,
07/05,2025,,"John, Edgar","Complete, good",Full UPW,On ,09:54,11:55,toolDAQ,Good_mpmt_beam v49,,"pos. hadron, slit 2%",LEP 5.1,LEP 5.1,1050,360,1422,OUT,1.01,1.01,1.01,1.06,1.06,out,Al200,VME run 1804,,,,,,,,,
,,,,,,,,,,,,,,,,,,,,,,,,,,,,,,,,,,,
07/05,2027,,"John, Edgar","Complete, good",Full UPW,On ,12:13,14:21,toolDAQ,Good_mpmt_beam v49,,"pos. hadron, slit 2%",LEP 5.1,LEP 5.1,1050,360,1422,OUT,1.01,1.01,1.01,1.06,1.06,out,Al200,VME run 1805,,,,,,,,,
,,,,,,,,,,,,,,,,,,,,,,,,,,,,,,,,,,,
07/05,2029,,"John, Edgar","Complete, good",Full UPW,On ,14:32,15:35,toolDAQ,Good_mpmt_beam v49,,"pos. hadron, slit 2%",LEP 5.1,LEP 5.1,1050,360,1422,OUT,1.01,1.01,1.01,1.06,1.06,out,Al200,VME run 1806,,,,,,,,,
,,,,,,,,,,,,,,,,,,,,,,,,,,,,,,,,,,,
07/05,2036,,"Blair, Jasmine","Complete, good",Full UPW,On ,22:20,00:18,toolDAQ,Good_mpmt_beam v49,,"neg. hadron, slit 2%",LEP 5.1,LEP 5.1,1050,-440,1464,OUT,1.01,1.01,1.01,1.047,1.047,out,Al200,VME run 1807,,,,,,,,,
,,,,,,,,,,,,,,,,,,,,,,,,,,,,,,,,,,,
08/05,2038,,"Ka Ming, Mustahsan","Complete, good",Full UPW,On ,00:46,03:46,toolDAQ,Good_mpmt_beam v49,,"neg. hadron, slit 2%",LEP 5.1,LEP 5.1,1050,-440,1464,OUT,1.01,1.01,1.01,1.047,1.047,out,Al200,VME run 1808,,,,,,,,,
,,,,,,,,,,,,,,,,,,,,,,,,,,,,,,,,,,,
08/05,2040,,"Ka Ming, Mustahsan","Complete, errors",Full UPW,On ,04:05,05:19,toolDAQ,Good_mpmt_beam v49,,"neg. hadron, slit 2%",LEP 5.1,LEP 5.1,1050,-440,1464,OUT,1.01,1.01,1.01,1.047,1.047,out,Al200,VME run 1809,stopped due to dropped packets ,,,,,,,,
,,,,,,,,,,,,,,,,,,,,,,,,,,,,,,,,,,,
08/05,2042,,"Ka Ming, Mustahsan","Complete, good",Full UPW,On ,05:55,07:55,toolDAQ,Good_mpmt_beam v49,,"neg. hadron, slit 2%",LEP 5.1,LEP 5.1,1050,-430,1463,OUT,1.01,1.01,1.01,1.047,1.047,out,Al200,VME run 1810,,,,,,,,,
,,,,,,,,,,,,,,,,,,,,,,,,,,,,,,,,,,,
08/05,2044,,"John, Edgar","Complete, errors",Full UPW,On ,08:32,09:15,toolDAQ,Good_mpmt_beam v49,,"neg. hadron, slit 2%",LEP 5.1,LEP 5.1,1050,-430,1463,OUT,1.01,1.01,1.01,1.047,1.047,out,Al200,VME run 1811,stopped due to dropped packets ,,,,,,,,
,,,,,,,,,,,,,,,,,,,,,,,,,,,,,,,,,,,
08/05,2045,,"John, Edgar","Complete, errors",Full UPW,On ,09:16,09:25,toolDAQ,Good_mpmt_beam v49,,"neg. hadron, slit 2%",LEP 5.1,LEP 5.1,1050,-430,1463,OUT,1.01,1.01,1.01,1.047,1.047,out,Al200,VME run 1812,stopped due to dropped packets ,,,,,,,,
,,,,,,,,,,,,,,,,,,,,,,,,,,,,,,,,,,,
08/05,2048,,"John, Edgar","Complete, good",Full UPW,On ,10:19,12:14,toolDAQ,Good_mpmt_beam v49,,"neg. hadron, slit 2%",LEP 5.1,LEP 5.1,1050,-430,1463,OUT,1.01,1.01,1.01,1.047,1.047,out,Al200,VME run 1815,The VME run data seems to be overwritten,,,,,,,,
,,,,,,,,,,,,,,,,,,,,,,,,,,,,,,,,,,,
08/05,2058,,"Blair, Jasmine","Complete, errors",Full UPW,On ,22:27,01:19,toolDAQ,Good_mpmt_beam v49,,"neg. hadron, slit 2%",LEP 5.1,LEP 5.1,1050,-430,1463,OUT,1.01,1.01,1.01,1.047,1.047,out,Al200,VME run 1816,"stopped due to dropped packets, RBU is dead, stop mPMTs run manually",,,,,,,,
,,,,,,,,,,,,,,,,,,,,,,,,,,,,,,,,,,,
09/05,2060,,"Ka Ming, Mustahsan","Complete, good",Full UPW,On ,01:43,03:02,toolDAQ,Good_mpmt_beam v49,,"neg. hadron, slit 2%",LEP 5.1,LEP 5.1,1050,-430,1463,OUT,1.01,1.01,1.01,1.047,1.047,out,Al200,VME run 1817,,,,,,,,,
,,,,,,,,,,,,,,,,,,,,,,,,,,,,,,,,,,,
09/05,2062,,"Ka Ming, Mustahsan","Complete, good",Full UPW,On ,03:23,06:23,toolDAQ,Good_mpmt_beam v49,,"neg. hadron, slit 2%",LEP 5.1,LEP 5.1,1050,-420,1462,OUT,1.01,1.01,1.01,1.047,1.047,out,Al200,VME run 1818,,,,,,,,,
,,,,,,,,,,,,,,,,,,,,,,,,,,,,,,,,,,,
09/05,2064,,"Edgar, Saul, Blair","Complete, good",Full UPW,On ,06:40,09:49,toolDAQ,Good_mpmt_beam v49,,"neg. hadron, slit 2%",LEP 5.1,LEP 5.1,1050,-420,1462,OUT,1.01,1.01,1.01,1.047,1.047,out,Al200,VME run 1819,,,,,,,,,
,,,,,,,,,,,,,,,,,,,,,,,,,,,,,,,,,,,
09/05,2066,,"Edgar, Saul, Blair","Complete, errors",Full UPW,On ,10:08,10:45,toolDAQ,Good_mpmt_beam v49,,"neg. hadron, slit 2%",LEP 5.1,LEP 5.1,1050,-420,1462,OUT,1.01,1.01,1.01,1.047,1.047,out,Al200,VME run 1820,"dropped paackages, we had to manually stop the run with the teminal commands",,,,,,,,
,,,,,,,,,,,,,,,,,,,,,,,,,,,,,,,,,,,
09/05,2067,,"Edgar, Saul, Blair","Complete, errors",Full UPW,On ,10:45,11:20,toolDAQ,Good_mpmt_beam v49,,"neg. hadron, slit 2%",LEP 5.1,LEP 5.1,1050,-420,1462,OUT,1.01,1.01,1.01,1.047,1.047,out,Al200,VME run 1821,,,,,,,,,
,,,,,,,,,,,,,,,,,,,,,,,,,,,,,,,,,,,
09/05,2068,,"Edgar, Saul, Blair, Laurence, Mark","Complete, errors",Full UPW,On ,11:33,12:05,toolDAQ,mPMT_hardware_trigger v4,,"neg. hadron, slit 2%",LEMB v5.1,LEMB v5.1,varied,-420,1462,OUT,1.01,1.01,1.01,1.047,1.047,out,Al200,VME run 1822,"12500, 8333 from file 29-34, 5000 from file 43-50, 650 get drpped packts",,,,,,,,
,,,,,,,,,,,,,,,,,,,,,,,,,,,,,,,,,,,
09/05,2069,,"Edgar, Saul, Blair, Laurence, Mark","Complete, errors",Full UPW,On ,12:15,13:15,toolDAQ,mPMT_hardware_trigger v4,,"neg. hadron, slit 2%",LEMB v5.1,LEMB v5.1,varied,-420,1462,OUT,1.01,1.01,1.01,1.047,1.047,out,Al200,VME run 1823,"12.1khz (from file 22), 14kHz (:from file 30), 14.8kHz from file 38, 15.5kHz from file 46, 16kHz from file 56, 16.8kHz from file 66",Had to stop the run and mPMT manually in the terminal,,,,,,,
,,,,,,,,,,,,,,,,,,,,,,,,,,,,,,,,,,,
09/05,2070,,"Edgar, Saul, Blair, Laurence, Mark","Complete, errors",Full UPW,On ,13:25,13:30,toolDAQ,mPMT_hardware_trigger v4,,"neg. hadron, slit 2%",LEMB v5.1,LEMB v5.1,1200,-420,1462,OUT,1.01,1.01,1.01,1.047,1.047,out,Al200,VME run 1824,,Had to stop the run and mPMT manually in the terminal,,,,,,,
,,,,,,,,,,,,,,,,,,,,,,,,,,,,,,,,,,,
09/05,2071,,"Edgar, Saul, Blair, Laurence, Mark","Complete, good",Full UPW,On ,13:35,14:19,toolDAQ,mPMT_hardware_trigger v4,,"neg. hadron, slit 2%",LEMB v5.1,LEMB v5.1,1200,-420,1462,OUT,1.01,1.01,1.01,1.047,1.047,out,Al200,VME run 1825,,,,,,,,,
,,,,,,,,,,,,,,,,,,,,,,,,,,,,,,,,,,,
09/05,2073,,"Edgar, Saul, Blair, Laurence, Mark","Bad, Incomplete",Full UPW,On ,14:34,14:57,toolDAQ,Good_mpmt_beam v49,," pos. hadron, slit 2%",LEP 5.1,LEP 5.1,1050,450,1182,OUT,1.01,1.01,1.01,1.047,1.047,out,Al200,VME run 1826,"RBU died during run, dropped packets, stopped run",,,,,,,,
,,,,,,,,,,,,,,,,,,,,,,,,,,,,,,,,,,,
09/05,2074,,"Jasmine, Yassine","Bad, Incomplete",Full UPW,On ,15:14,15:17,toolDAQ,Good_mpmt_beam v49,," pos. hadron, slit 2%",LEP 5.1,LEP 5.1,1050,450,1182,OUT,1.01,1.01,1.01,1.047,1.047,out,Al200,VME run 1827,"Dropped packets, MPMT Alarms, stopped run",,,,,,,,
,,,,,,,,,,,,,,,,,,,,,,,,,,,,,,,,,,,
09/05,2075,,"Jasmine, Yassine","Complete, errors",Full UPW,On ,15:24,15:51,toolDAQ,Good_mpmt_beam v49,," pos. hadron, slit 2%",LEP 5.1,LEP 5.1,1050,450,1182,OUT,1.01,1.01,1.01,1.047,1.047,out,Al200,VME run 1828,RootWriter not keeping up with data rate error,,,,,,,,
,,,,,,,,,,,,,,,,,,,,,,,,,,,,,,,,,,,
09/05,2076,,"Jasmine, Yassine","Complete, errors",Full UPW,On ,15:59,16:03,toolDAQ,Good_mpmt_beam v49,," pos. hadron, slit 2%",LEP 5.1,LEP 5.1,1050,450,1182,OUT,1.01,1.01,1.01,1.047,1.047,out,Al200,VME run 1829,Dropped packets,,,,,,,,
,,,,,,,,,,,,,,,,,,,,,,,,,,,,,,,,,,,
09/05,2077,,"Jasmine, Yassine","Complete, good",Full UPW,On ,16:22,18:27,toolDAQ,Good_mpmt_beam v49,," pos. hadron, slit 2%",LEP 5.1,LEP 5.1,1050,450,1182,OUT,1.01,1.01,1.01,1.047,1.047,out,Al200,VME run 1830,Reduced electron prescale from 8 to 1,,,,,,,,
,,,,,,,,,,,,,,,,,,,,,,,,,,,,,,,,,,,
09/05,2079,,"Jasmine, Yassine","Complete, good",Full UPW,On ,18:52,21:52,toolDAQ,Good_mpmt_beam v49,," pos. hadron, slit 2%",LEP 5.1,LEP 5.1,1050,430,1195,OUT,1.01,1.01,1.01,1.047,1.047,out,Al200,VME run 1831,,,,,,,,,
,,,,,,,,,,,,,,,,,,,,,,,,,,,,,,,,,,,
09/05,2081,,"Jasmine, Yassine","Complete, good",Full UPW,On ,22:16,01:18,toolDAQ,Good_mpmt_beam v49,," pos. hadron, slit 2%",LEP 5.1,LEP 5.1,1050,420,1410,OUT,1.01,1.01,1.01,1.047,1.047,out,Al200,VME run 1832,,,,,,,,,
,,,,,,,,,,,,,,,,,,,,,,,,,,,,,,,,,,,
10/05,2083,,"Mustahsan, Ryotaro","Complete, good",Full UPW,On ,01:39,02:41,toolDAQ,Good_mpmt_beam v49,," pos. hadron, slit 2%",LEP 5.1,LEP 5.1,1050,420,1410,OUT,1.01,1.01,1.01,1.047,1.047,out,Al200,VME run 1833,,,,,,,,,
,,,,,,,,,,,,,,,,,,,,,,,,,,,,,,,,,,,
10/05,2085,,"Mustahsan, Ryotaro","Complete, good",Full UPW,On ,03:03,05:55,toolDAQ,Good_mpmt_beam v49,," pos. hadron, slit 2%",LEP 5.1,LEP 5.1,1050,410,1410,OUT,1.01,1.01,1.01,1.047,1.047,out,Al200,VME run 1834,,,,,,,,,
,,,,,,,,,,,,,,,,,,,,,,,,,,,,,,,,,,,
10/05,2087,,"Mustahsan, Ryotaro, Edgar, Saul","Complete, good",Full UPW,On ,06:20,09:00,toolDAQ,Good_mpmt_beam v49,,"neg. hadron, slit 2%",LEP 5.1,LEP 5.1,1050,-410,1410,OUT,1.01,1.01,1.01,1.047,1.047,out,Al200,VME run 1835,,,,,,,,,
,,,,,,,,,,,,,,,,,,,,,,,,,,,,,,,,,,,
10/05,2089,,"Edgar, Saul","Complete, good",Full UPW,On ,09:20,10:27,toolDAQ,Good_mpmt_beam v49,,"neg. hadron, slit 2%",LEP 5.1,LEP 5.1,1050,-420,1462,OUT,1.01,1.01,1.01,1.047,1.047,out,Al200,VME run 1836,,,,,,,,,
,,,,,,,,,,,,,,,,,,,,,,,,,,,,,,,,,,,
10/05,2091,,"Edgar, Saul, Blair","Complete, good",Full UPW,On ,12:47,15:47,toolDAQ,Good_mpmt_beam v49,," pos. hadron, slit 2%",LEP 5.1,LEP 5.1,1050,540,1375,OUT,1.01,1.01,1.01,1.03,1.03,out,Al200,VME run 1837,,,,,,,,,
,,,,,,,,,,,,,,,,,,,,,,,,,,,,,,,,,,,
10/05,2093,,"Jasmine, Yassine","Complete, errors",Full UPW,On ,16:06,16:41,toolDAQ,Good_mpmt_beam v49,," pos. hadron, slit 2%",LEP 5.1,LEP 5.1,1050,540,1375,OUT,1.01,1.01,1.01,1.03,1.03,out,Al200,VME run 1838,"RBU died during run, dropped packets, stoppped run, manually stopped mPMTs",,,,,,,,
,,,,,,,,,,,,,,,,,,,,,,,,,,,,,,,,,,,
10/05,2098,,"Jasmine, Yassine","Complete, good",Full UPW,On ,17:44,20:44,toolDAQ,Good_mpmt_beam v49,," pos. hadron, slit 2%",LEP 5.1,LEP 5.1,1050,530,1374,OUT,1.01,1.01,1.01,1.03,1.03,out,Al200,VME run 1839,,,,,,,,,
,,,,,,,,,,,,,,,,,,,,,,,,,,,,,,,,,,,
10/05,2100,,"Jasmine, Yassine","Bad, Incomplete",Full UPW,On ,21:08,21:11,toolDAQ,Good_mpmt_beam v49,," pos. hadron, slit 2%",LEP 5.1,LEP 5.1,1050,520,1373,OUT,1.01,1.01,1.01,1.03,1.03,out,Al200,VME run 1840,"Run stopped, too much data written: Not keeping up with data taking rate",,,,,,,,
,,,,,,,,,,,,,,,,,,,,,,,,,,,,,,,,,,,
10/05,2101,,"Jasmine, Yassine","Complete, good",Full UPW,On ,21:45,00:45,toolDAQ,Good_mpmt_beam v49,," pos. hadron, slit 2%",LEP 5.1,LEP 5.1,1050,520,1373,OUT,1.01,1.01,1.01,1.03,1.03,out,Al200,VME run 1841,"jaw1 (ZTE.XCHV011, ZTE.XCHV012, ZTE.XCHV014, ZTE.XCHV015) were set to -50 50. Changed it to -30 30 to reduce number of triggers/spill",,,,,,,,
,,,,,,,,,,,,,,,,,,,,,,,,,,,,,,,,,,,
11/05,2103,,"Mustahsan, Ryotaro","Complete, good",Full UPW,On ,01:07,04:08,toolDAQ,Good_mpmt_beam v49,,"neg. hadron, slit 2%",LEP 5.1,LEP 5.1,1050,-540,1474,OUT,1.01,1.01,1.01,1.03,1.03,out,Al200,VME run 1842,,,,,,,,,
,,,,,,,,,,,,,,,,,,,,,,,,,,,,,,,,,,,
11/05,2105,,"Mustahsan, Ryotaro, Edgar, Saul","Complete, good",Full UPW,On ,04:28,07:32,toolDAQ,Good_mpmt_beam v49,,"neg. hadron, slit 2%",LEP 5.1,LEP 5.1,1050,-530,1473,OUT,1.01,1.01,1.01,1.03,1.03,out,Al200,VME run 1843,,,,,,,,,
,,,,,,,,,,,,,,,,,,,,,,,,,,,,,,,,,,,
11/05,2107,,"Edgar, Saul","Complete, good",Full UPW,On ,08:00,10:58,toolDAQ,Good_mpmt_beam v49,,"neg. hadron, slit 2%",LEP 5.1,LEP 5.1,1050,-520,1472,OUT,1.01,1.01,1.01,1.03,1.03,out,Al200,VME run 1844,,,,,,,,,
,,,,,,,,,,,,,,,,,,,,,,,,,,,,,,,,,,,
11/05,2109,,"Edgar, Saul, Blair","Bad, Incomplete",Full UPW,On ,11:00,13:35,toolDAQ,Good_mpmt_beam v49,,"neg. hadron, slit 2%",LEP 5.1,LEP 5.1,1050,-520,1472,OUT,1.01,1.01,1.01,1.03,1.03,out,Al200,VME run 1845,"VME did not start, run stoppped",,,,,,,,
,,,,,,,,,,,,,,,,,,,,,,,,,,,,,,,,,,,
11/05,2110,,"Edgar, Saul, Blair","Complete, good",Full UPW,On ,13:39,16:17,toolDAQ,Good_mpmt_beam v49,,"neg. hadron, slit 2%",LEP 5.1,LEP 5.1,1050,-520,1472,OUT,1.01,1.01,1.01,1.03,1.03,out,Al200,VME run 1846,,,,,,,,,
,,,,,,,,,,,,,,,,,,,,,,,,,,,,,,,,,,,
11/05,2112,,"Jasmine, Yassine","Complete, good",Full UPW,On ,16:35,18:15,toolDAQ,Good_mpmt_beam v49,,"neg. hadron, slit 2%",LEP 5.1,LEP 5.1,1050,-530,1473,OUT,1.01,1.01,1.01,1.03,1.03,out,Al200,VME run 1847,,,,,,,,,
,,,,,,,,,,,,,,,,,,,,,,,,,,,,,,,,,,,
11/05,2114,,"Jasmine, Yassine","Complete, good",Full UPW,On ,20:19,20:44,toolDAQ,mPMT_hardware_trigger v4,,"pos. hadron, slit 1%",LEP 5.1,LEP 5.1,1050,780,1365,OUT,1.01,1.01,1.01,1.015,1.015,out,Al200,VME run 1848,Run stopped to change beam configuration,,,,,,,,
,,,,,,,,,,,,,,,,,,,,,,,,,,,,,,,,,,,
11/05,2115,,"Jasmine, Yassine","Complete, good",Full UPW,On ,20:51,23:07,toolDAQ,mPMT_hardware_trigger v4,," pos. hadron, slit 2%",LEP 5.1,LEP 5.1,1050,780,1365,OUT,1.01,1.01,1.01,1.015,1.015,out,Al200,VME run 1849,stopped by mistake,,,,,,,,
,,,,,,,,,,,,,,,,,,,,,,,,,,,,,,,,,,,
11/05,2117,,"Mastahsan, Ryotaro","Complete, bad",Full UPW,On ,23:31,23:32,toolDAQ,mPMT_hardware_trigger v4,," pos. hadron, slit 2%",LEP 5.1,LEP 5.1,1050,780,1365,OUT,1.01,1.01,1.01,1.015,1.015,out,Al200,VME run 1850,many mPMTs have dropped packtets and stopped the run,,,,,,,,
,,,,,,,,,,,,,,,,,,,,,,,,,,,,,,,,,,,
12/05,2120,,"Mastahsan, Ryotaro","Complete, errors",Full UPW,On ,00:59,01:09,toolDAQ,mPMT_hardware_trigger v4,," pos. hadron, slit 2%",LEP 5.1,LEP 5.1,1050,780,1365,OUT,1.01,1.01,1.01,1.015,1.015,out,Al200,VME run 1851,test to check the mPMTs conditions,,,,,,,,
,,,,,,,,,,,,,,,,,,,,,,,,,,,,,,,,,,,
12/05,2121,,"Mastahsan, Ryotaro","Complete, errors",Full UPW,On ,01:15,01:40,toolDAQ,mPMT_hardware_trigger v4,," pos. hadron, slit 2%",LEP 5.1,LEP 5.1,1050,780,1365,OUT,1.01,1.01,1.01,1.015,1.015,out,Al200,VME run 1852,RBU died,,,,,,,,
,,,,,,,,,,,,,,,,,,,,,,,,,,,,,,,,,,,
12/05,2122,,"Mastahsan, Ryotaro","Complete, errors",Full UPW,On ,01:49,02:30,toolDAQ,mPMT_hardware_trigger v4,," pos. hadron, slit 2%",LEP 5.1,LEP 5.1,1050,780,1365,OUT,1.01,1.01,1.01,1.015,1.015,out,Al200,VME run 1853,RBU died,,,,,,,,
,,,,,,,,,,,,,,,,,,,,,,,,,,,,,,,,,,,
12/05,2124,,"Mastahsan, Ryotaro","Complete, errors",Full UPW,On ,02:48,03:56,toolDAQ,mPMT_hardware_trigger v4,," pos. hadron, slit 2%",LEP 5.1,LEP 5.1,1050,780,1365,OUT,1.01,1.01,1.01,1.015,1.015,out,Al200,VME run 1854,RBU died,,,,,,,,
,,,,,,,,,,,,,,,,,,,,,,,,,,,,,,,,,,,
12/05,2125,,"Mastahsan, Ryotaro","Complete, errors",Full UPW,On ,04:04,06:00,toolDAQ,mPMT_hardware_trigger v4,," pos. hadron, slit 2%",LEP 5.1,LEP 5.1,1050,780,1365,OUT,1.01,1.01,1.01,1.015,1.015,out,Al200,VME run 1855,RBU died,,,,,,,,
,,,,,,,,,,,,,,,,,,,,,,,,,,,,,,,,,,,
12/05,2127,,"Mastahsan, Ryotaro","Complete, errors",Full UPW,On ,06:15,06:30,toolDAQ,mPMT_hardware_trigger v4,," pos. hadron, slit 2%",LEP 5.1,LEP 5.1,1050,780,1365,OUT,1.01,1.01,1.01,1.015,1.015,out,Al200,VME run 1856,RBU died,,,,,,,,
,,,,,,,,,,,,,,,,,,,,,,,,,,,,,,,,,,,
12/05,2128,,"Mastahsan, Ryotaro","Complete, errors",Full UPW,On ,06:37,06:44,toolDAQ,mPMT_hardware_trigger v4,," pos. hadron, slit 2%",LEP 5.1,LEP 5.1,1050,780,1365,OUT,1.01,1.01,1.01,1.015,1.015,out,Al200,VME run 1857,RBU died,,,,,,,,
,,,,,,,,,,,,,,,,,,,,,,,,,,,,,,,,,,,
12/05,2131,,"Edgar, Saul","Bad, Incomplete",Full UPW,On ,07:47,08:06,toolDAQ,mPMT_hardware_trigger v4,," pos. hadron, slit 2%",LEP 5.1,LEP 5.1,1050,780,1365,OUT,1.01,1.01,1.01,1.015,1.015,out,Al200,VME run 1858,"using Create RBU3, RBU stopped sudenly after 15min",,,,,,,,
,,,,,,,,,,,,,,,,,,,,,,,,,,,,,,,,,,,
12/05,2132,,"Edgar, Saul","Complete, good",Full UPW,On ,08:10,08:25,toolDAQ,mPMT_hardware_trigger v4,,"pos. hadron, slit 1 %",LEP 5.1,LEP 5.1,1050,780,1365,OUT,1.01,1.01,1.01,1.015,1.015,out,Al200,VME run 1859,"using Create RBU3, the list were moved from +-6 to +-3",good short run,,,,,,,
,,,,,,,,,,,,,,,,,,,,,,,,,,,,,,,,,,,
12/05,2133,,"Edgar, Saul","Complete, good",Full UPW,On ,08:31,09:10,toolDAQ,mPMT_hardware_trigger v4,,"pos. hadron, slit 1 %",LEP 5.1,LEP 5.1,1050,780,1365,OUT,1.01,1.01,1.01,1.015,1.015,out,Al200,VME run 1860,,,,,,,,,
,,,,,,,,,,,,,,,,,,,,,,,,,,,,,,,,,,,
12/05,2138,,"Jasmine, Yassine","Complete, good",Full UPW,On ,17:59,20:59,toolDAQ,mPMT_hardware_trigger v4,,"pos. hadron, slit 1 %",LEP 5.1,LEP 5.1,1050,780,1365,OUT,1.01,1.01,1.01,1.015,1.015,out,Al200,VME run 1866,,,,,,,,,
,,,,,,,,,,,,,,,,,,,,,,,,,,,,,,,,,,,
12/05,2140,,"Jasmine, Yassine","Complete, good",Full UPW,On ,21:17,00:20,toolDAQ,mPMT_hardware_trigger v4,,"pos. hadron, slit 1 %",LEP 5.1,LEP 5.1,1050,780,1365,OUT,1.01,1.01,1.01,1.015,1.015,out,Al200,VME run 1867,,,,,,,,,
,,,,,,,,,,,,,,,,,,,,,,,,,,,,,,,,,,,
13/05,2142,,"Mastahsan, Ryotaro","Complete, good",Full UPW,On ,00:39,03:46,toolDAQ,mPMT_hardware_trigger v4,,"pos. hadron, slit 1 %",LEP 5.1,LEP 5.1,1050,780,1365,OUT,1.01,1.01,1.01,1.015,1.015,out,Al200,VME run 1868,,,,,,,,,
,,,,,,,,,,,,,,,,,,,,,,,,,,,,,,,,,,,
13/05,2144,,"Mastahsan, Ryotaro, Elena, Saul","Complete, good",Full UPW,On ,04:03,07:02,toolDAQ,mPMT_hardware_trigger v4,,"pos. hadron, slit 1 %",LEP 5.1,LEP 5.1,1050,780,1365,OUT,1.01,1.01,1.01,1.015,1.015,out,Al200,VME run 1869,,,,,,,,,
,,,,,,,,,,,,,,,,,,,,,,,,,,,,,,,,,,,
13/05,2147,,"Elena, Saul","Complete, good",Full UPW,On ,07:30,10:51,toolDAQ,mPMT_hardware_trigger v4,,"pos. hadron, slit 1 %",LEP 5.1,LEP 5.1,1050,780,1365,OUT,1.01,1.01,1.01,1.015,1.015,out,Al200,VME run 1870,,,,,,,,,
,,,,,,,,,,,,,,,,,,,,,,,,,,,,,,,,,,,
13/05,2149,,"Elena, Saul","Complete, good",Full UPW,On ,11:10,11:54,toolDAQ,mPMT_hardware_trigger v5,,"pos. hadron, slit 1 %",LEP 5.1,LEP 5.1,1050,780,1365,OUT,1.01,1.01,1.01,1.015,1.015,out,Al200,VME run 1871,"pump if off for this run; beam collimator slit size changed during the run; this run is for rate testing, may not be suitable for data analysis",,,,,,,,
,,,,,,,,,,,,,,,,,,,,,,,,,,,,,,,,,,,
13/05,2150,,"Elena, Saul","Complete, errors",Full UPW,On ,12:05,12:19,toolDAQ,mPMT_hardware_trigger v5,,"pos. hadron, slit 1 %",LEP 5.1,LEP 5.1,1050,780,1365,OUT,1.01,1.01,1.01,1.015,1.015,out,Al200,VME run 1872,"pump ON again for this run, RBU crashed; rate testing run, may not be suitable for data analysis; electron veto changed during the run",,,,,,,,
,,,,,,,,,,,,,,,,,,,,,,,,,,,,,,,,,,,
13/05,2151,,"Elena, Saul","Aborted, misinput",Full UPW,On ,12:27,12:29,toolDAQ,mPMT_hardware_trigger v5,," pos. hadron, slit 2%",LEP 5.1,LEP 5.1,1050,780,1365,OUT,1.01,1.01,1.01,1.015,1.015,out,Al200,VME run 1873,,,,,,,,,
,,,,,,,,,,,,,,,,,,,,,,,,,,,,,,,,,,,
13/05,2152,,"Elena, Saul","Complete, good",Full UPW,On ,12:32,12:55,toolDAQ,mPMT_hardware_trigger v5,," pos. hadron, slit 2%",LEP 5.1,LEP 5.1,1050,780,1365,OUT,1.01,1.01,1.01,1.015,1.015,out,Al200,VME run 1874,"rate test run, may not be suitable for data analysis; electron veto changed during this run",,,,,,,,
,,,,,,,,,,,,,,,,,,,,,,,,,,,,,,,,,,,
13/05,2153,,"Elena, Saul","Complete, errors",Full UPW,On ,13:05,13:30,toolDAQ,mPMT_hardware_trigger v5,," pos. hadron, slit 2%",LEP 5.1,LEP 5.1,1050,780,1365,OUT,1.01,1.01,1.01,1.015,1.015,out,Al200,VME run 1875,RBU crashed; reason unclear. Started the next run with the same configurations and similar spill frequency,,,,,,,,
,,,,,,,,,,,,,,,,,,,,,,,,,,,,,,,,,,,
13/05,2154,,"Elena, Saul","Complete, good",Full UPW,On ,14:09,17:09,toolDAQ,mPMT_hardware_trigger v5,,"pos. hadron, slit 1 %",LEP 5.1,LEP 5.1,1050,780,1365,OUT,1.01,1.01,1.01,1.015,1.015,out,Al200,VME run 1876,It appears we stopped receiving beam between 14:54 and 15:02,,,,,,,,
,,,,,,,,,,,,,,,,,,,,,,,,,,,,,,,,,,,
13/05,2156,,"Anna, Yassine","Complete, errors",Full UPW,On ,18:02,18:11,toolDAQ,Good_mpmt_beam v49,," pos. hadron, slit 2%",LEP 5.1,LEP 5.1,1050,200,1210,OUT,1.01,1.01,1.01,out,out,out,Al200,VME run 1877,"Increased ACTEVD from 1% to 8%, Run stopped, droppped packets mPMT 130",,,,,,,,
,,,,,,,,,,,,,,,,,,,,,,,,,,,,,,,,,,,
13/05,2157,,"Anna, Yassine","Complete, errors",Full UPW,On ,18:17,18:26,toolDAQ,Good_mpmt_beam v49,," pos. hadron, slit 2%",LEP 5.1,LEP 5.1,1050,200,1210,OUT,1.01,1.01,1.01,out,out,out,Al200,VME run 1878,Dropped packets mPMT 130. Light leak in ACT 2. ACT2 changed to 1.015 because ACT3/4 have been removed,,,,,,,,
,,,,,,,,,,,,,,,,,,,,,,,,,,,,,,,,,,,
13/05,2158,,"Anna, Yassine","Complete, good",Full UPW,On ,18:57,22:05,toolDAQ,Good_mpmt_beam v49,," pos. hadron, slit 2%",LEP 5.1,LEP 5.1,1050,200,1210,OUT,1.01,1.01,1.015,out,out,out,Al200,VME run 1879,,,,,,,,,
,,,,,,,,,,,,,,,,,,,,,,,,,,,,,,,,,,,
13/05,2160,,"Anna, Yassine","Complete, errors",Full UPW,On ,22:32,23:10,toolDAQ,Good_mpmt_beam v49,," pos. hadron, slit 2%",LEP 5.1,LEP 5.1,1050,200,1210,OUT,1.01,1.01,1.015,out,out,out,Al200,VME run 1880,RBU died,,,,,,,,
,,,,,,,,,,,,,,,,,,,,,,,,,,,,,,,,,,,
13/05,2161,,"Ryotaro, Koun","Complete, good",Full UPW,On ,23:25,02:33,toolDAQ,Good_mpmt_beam v49,," pos. hadron, slit 2%",LEP 5.1,LEP 5.1,1050,200,1210,OUT,1.01,1.01,1.015,out,out,out,Al200,VME run 1881,,,,,,,,,
,,,,,,,,,,,,,,,,,,,,,,,,,,,,,,,,,,,
14/05,2163,,"Ryotaro, Koun","Complete, good",Full UPW,On ,02:56,04:02,toolDAQ,Good_mpmt_beam v49,," pos. hadron, slit 2%",LEP 5.1,LEP 5.1,1050,200,1210,OUT,1.01,1.01,1.015,out,out,out,Al200,VME run 1882,,,,,,,,,
,,,,,,,,,,,,,,,,,,,,,,,,,,,,,,,,,,,
14/05,2165,,"Ryotaro, Koun","Complete, good",Full UPW,On ,04:23,,toolDAQ,Good_mpmt_beam v51,," pos. hadron, slit 2%",LEP 5.1,LEP 5.1,1050,210,1385,OUT,1.01,1.01,1.015,out,out,out,Al200,VME run 1883,"Wrong run config (v51) are chosen; data was saved in the default directory, Marcus moved them to /mnt/nfs/WebServer/html-Detector/Data/data. For this run the mPMTs were in self trigger mode, data was saved in root format",,,,,,,,
,,,,,,,,,,,,,,,,,,,,,,,,,,,,,,,,,,,
14/05,2166,,"Ryotaro, Koun, Elena, Saul","Complete, errors",Full UPW,On ,06:32,08:20,toolDAQ,Good_mpmt_beam v49,," pos. hadron, slit 2%",LEP 5.1,LEP 5.1,1050,210,1385,OUT,1.01,1.01,1.015,out,out,out,Al200,VME run 1884,RBU crashed at 8:20,,,,,,,,
,,,,,,,,,,,,,,,,,,,,,,,,,,,,,,,,,,,
14/05,2167,,"Elena, Saul","Complete, errors",Full UPW,On ,09:00,10:23,toolDAQ,Good_mpmt_beam v49,," pos. hadron, slit 2%",LEP 5.1,LEP 5.1,1050,210,1385,OUT,1.01,1.01,1.015,out,out,out,Al200,VME run 1885,mPMT 31 and 105 started to drop packets,,,,,,,,
,,,,,,,,,,,,,,,,,,,,,,,,,,,,,,,,,,,
14/05,2170,,"Elena, Saul","Bad, Incomplete",Full UPW,On ,10:55,11:02,toolDAQ,Good_mpmt_beam v49,," pos. hadron, slit 2%",LEP 5.1,LEP 5.1,1050,210,1385,OUT,1.01,1.01,1.015,out,out,out,Al200,VME run 1886,"at the beggining: these mPMTs have dropped packets [18, 31]",,,,,,,,
,,,,,,,,,,,,,,,,,,,,,,,,,,,,,,,,,,,
14/05,2171,,"Elena, Saul","Complete, good",Full UPW,On ,11:07,13:47,toolDAQ,mPMT_hardware_trigger v4,," pos. hadron, slit 2%",LEP 5.1,LEP 5.1,1050,210,1385,OUT,1.01,1.01,1.015,out,out,out,Al200,VME run 1887,,,,,,,,,
,,,,,,,,,,,,,,,,,,,,,,,,,,,,,,,,,,,
14/05,2172,,"Elena, Saul","Complete, good",Full UPW,On ,14:04,17:04,toolDAQ,Good_mpmt_beam v49,," pos. hadron, slit 2%",LEP 5.1,LEP 5.1,1050,210,1385,OUT,1.01,1.01,1.015,out,out,out,Al200,VME run 1888,,,,,,,,,
,,,,,,,,,,,,,,,,,,,,,,,,,,,,,,,,,,,
14/05,2174,,"Xiaoyue, Anna, Yassine","Complete, errors",Full UPW,On ,17:48,18:08,toolDAQ,mPMT_hardware_trigger v4,,"pos. hadron, slit 1 %",LEMB v5.1,LEMB v5.1,1250,500,1391,OUT,1.01,1.01,1.015,out,out,out,Al200,VME run 1889,Droppped packets at the end of the run. RBU died. Stopped run manually,,,,,,,,
,,,,,,,,,,,,,,,,,,,,,,,,,,,,,,,,,,,
14/05,2175,,"Xiaoyue, Anna, Yassine","Complete, errors",Full UPW,On ,18:18,18:38,toolDAQ,mPMT_hardware_trigger v4,,"pos. hadron, slit 1 %",LEMB v5.1,LEMB v5.1,1250,450,1245,OUT,1.01,1.01,1.015,out,out,out,Al200,VME run 1890,Dropped packets at the end of the run. RBU died. Stoppped run manually. Loaded wrong beam confi file. Will retake data using newer beam config file,,,,,,,,
,,,,,,,,,,,,,,,,,,,,,,,,,,,,,,,,,,,
14/05,2176,,"Xiaoyue, Anna, Yassine","Complete, good",Full UPW,On ,18:57,19:20,toolDAQ,mPMT_hardware_trigger v4,,"pos. hadron, slit 1 %",LEMB v5.1,LEMB v5.1,1250,400,1392,OUT,1.01,1.01,1.015,out,out,out,Al200,VME run 1891,,,,,,,,,
,,,,,,,,,,,,,,,,,,,,,,,,,,,,,,,,,,,
14/05,2177,,"Xiaoyue, Anna, Yassine","Complete, good",Full UPW,On ,19:28,19:51,toolDAQ,mPMT_hardware_trigger v4,,"pos. hadron, slit 1 %",LEMB v5.1,LEMB v5.1,1250,350,1366,OUT,1.01,1.01,1.015,out,out,out,Al200,VME run 1892,,,,,,,,,
,,,,,,,,,,,,,,,,,,,,,,,,,,,,,,,,,,,
14/05,2178,,"Xiaoyue, Anna, Yassine","Complete, errors",Full UPW,On ,20:00,20:05,toolDAQ,mPMT_hardware_trigger v4,,"pos. hadron, slit 1 %",LEMB v5.1,LEMB v5.1,1250,450,1509,OUT,1.01,1.01,1.015,out,out,out,Al200,VME run 1893,Dropped packets. RBU died. Stopped run manually,,,,,,,,
,,,,,,,,,,,,,,,,,,,,,,,,,,,,,,,,,,,
14/05,2179,,"Xiaoyue, Anna, Yassine","Complete, good",Full UPW,On ,20:09,20:26,toolDAQ,mPMT_hardware_trigger v4,,"pos. hadron, slit 1 %",LEMB v5.1,LEMB v5.1,1250,450,1509,OUT,1.01,1.01,1.015,out,out,out,Al200,VME run 1894,,,,,,,,,
,,,,,,,,,,,,,,,,,,,,,,,,,,,,,,,,,,,
14/05,2180,,"Xiaoyue, Anna, Yassine","Complete, good",Full UPW,On ,20:34,21:04,toolDAQ,mPMT_hardware_trigger v4,,"pos. hadron, slit 1 %",LEMB v5.1,LEMB v5.1,1250,300,1393,OUT,1.01,1.01,1.015,out,out,out,Al200,VME run 1895,,,,,,,,,
,,,,,,,,,,,,,,,,,,,,,,,,,,,,,,,,,,,
14/05,2181,,"Xiaoyue, Anna, Yassine","Complete, good",Full UPW,On ,21:10,22:19,toolDAQ,mPMT_hardware_trigger v4,,"pos. hadron, slit 1 %",LEMB v5.1,LEMB v5.1,1250,250,1379,OUT,1.01,1.01,1.015,out,out,out,Al200,VME run 1896,,,,,,,,,
,,,,,,,,,,,,,,,,,,,,,,,,,,,,,,,,,,,
14/05,2183,,"Xiaoyue, Anna, Yassine","Complete, good",Full UPW,On ,22:42,01:41,toolDAQ,Good_mpmt_beam v49,," pos. hadron, slit 2%",LEP 5.1,LEP 5.1,1050,190,1512,OUT,1.01,1.01,1.015,out,out,out,Al200,VME run 1897,,,,,,,,,
,,,,,,,,,,,,,,,,,,,,,,,,,,,,,,,,,,,
15/05,2185,,"Ryotaro, Koun","Complete, good",Full UPW,On ,02:04,05:06,toolDAQ,Good_mpmt_beam v49,," pos. hadron, slit 2%",LEP 5.1,LEP 5.1,1050,190,1512,OUT,1.01,1.01,1.015,out,out,out,Al200,VME run 1898,,,,,,,,,
,,,,,,,,,,,,,,,,,,,,,,,,,,,,,,,,,,,
15/05,2187,,"Ryotaro, Koun, Andrzej, Elena","Complete, good",Full UPW,On ,05:20,08:23,toolDAQ,Good_mpmt_beam v49,," pos. hadron, slit 2%",LEP 5.1,LEP 5.1,1050,190,1512,OUT,1.01,1.01,1.015,out,out,out,Al200,VME run 1899,,,,,,,,,
,,,,,,,,,,,,,,,,,,,,,,,,,,,,,,,,,,,
15/05,2189,,"Andrzej, Elena","Complete, good",Full UPW,On ,08:45,11:03,toolDAQ,Good_mpmt_beam v49,," pos. hadron, slit 2%",LEP 5.1,LEP 5.1,1050,190,1512,OUT,1.01,1.01,1.015,out,out,out,Al200,VME run 1900,,,,,,,,,
,,,,,,,,,,,,,,,,,,,,,,,,,,,,,,,,,,,
15/05,2191,,"Andrzej, Elena","Complete, good",Full UPW,On ,11:24,13:54,toolDAQ,mPMT_hardware_trigger v4,," pos. hadron, slit 2%",LEMB v5.1,LEMB v5.1,1250,200,1484,OUT,1.01,1.01,1.015,out,out,out,Al200,VME run 1901,,,,,,,,,
,,,,,,,,,,,,,,,,,,,,,,,,,,,,,,,,,,,
15/05,2192,,"Andrzej, Elena","Complete, good",Full UPW,On ,14:03,15:13,toolDAQ,mPMT_hardware_trigger v4,," pos. hadron, slit 2%",LEMB v5.1,LEMB v5.1,1250,180,1480,OUT,1.01,1.01,1.015,out,out,out,Be200,VME run 1902,We change the target to the Be200 target in order to have more electrons,,,,,,,,
,,,,,,,,,,,,,,,,,,,,,,,,,,,,,,,,,,,
15/05,2194,,"Anna, Xiaoyue","Aborted, misinput",Full UPW,On ,15:31,15:31,toolDAQ,mPMT_hardware_trigger v4,," pos. hadron, slit 2%",LEMB v5.1,LEMB v5.1,1250,160,1482,OUT,1.01,1.01,1.015,out,out,out,Be200,VME run 1903,,,,,,,,,
,,,,,,,,,,,,,,,,,,,,,,,,,,,,,,,,,,,
15/05,2195,,"Anna, Xiaoyue","Complete, good",Full UPW,On ,15:31,16:51,toolDAQ,mPMT_hardware_trigger v4,," pos. hadron, slit 2%",LEMB v5.1,LEMB v5.1,1250,160,1482,OUT,1.01,1.01,1.015,out,out,out,Be200,VME run 1903,,,,,,,,,
,,,,,,,,,,,,,,,,,,,,,,,,,,,,,,,,,,,
16/05,2214,,"Andrzej, Elena","Aborted, misinput",Full UPW,On ,09:25,09:35,toolDAQ,mPMT_hardware_trigger v4,," pos. hadron, slit 2%",LEMB v5.1,LEMB v5.1,1250,140,1514,OUT,1.01,1.01,1.015,out,out,out,Be200,VME run 1905,"QDC was not working. Two error messages when executing the VME (""0 packets, while expecting 32"")",,,,,,,,
,,,,,,,,,,,,,,,,,,,,,,,,,,,,,,,,,,,
16/05,2214,,"Andrzej, Elena","Complete, errors",Full UPW,On ,09:40,10:12,toolDAQ,mPMT_hardware_trigger v4,," pos. hadron, slit 2%",LEMB v5.1,LEMB v5.1,1250,140,1514,OUT,1.01,1.01,1.015,out,out,out,Be200,VME run 1906,Drop packets,,,,,,,,
,,,,,,,,,,,,,,,,,,,,,,,,,,,,,,,,,,,
16/05,2215,,"Andrzej, Elena","Complete, good",Full UPW,On ,10:18,11:45,toolDAQ,mPMT_hardware_trigger v4,," pos. hadron, slit 2%",LEMB v5.1,LEMB v5.1,1250,140,1514,OUT,1.01,1.01,1.015,out,out,out,Be200,VME run 1907,,,,,,,,,
,,,,,,,,,,,,,,,,,,,,,,,,,,,,,,,,,,,
16/05,2216,,"Andrzej, Elena","Complete, good",Full UPW,On ,11:50,13:27,toolDAQ,mPMT_hardware_trigger v4,," pos. hadron, slit 2%",LEMB v5.1,LEMB v5.1,1250,120,1515,OUT,1.01,1.01,1.015,out,out,out,Be200,VME run 1908,"Two error messages when executing the VME (""0 packets, while expecting 32"")","Spills with 2.4s apart occurred, which may affect spill number counting.",,,,,,,
,,,,,,,,,,,,,,,,,,,,,,,,,,,,,,,,,,,
16/05,2217,,"Andrzej, Elena","Complete, good",Full UPW,On ,13:33,15:37,toolDAQ,mPMT_hardware_trigger v4,," pos. hadron, slit 2%",LEMB v5.1,LEMB v5.1,1250,100,1516,OUT,1.01,1.01,1.015,out,out,out,Be200,VME run 1909,,,,,,,,,
,,,,,,,,,,,,,,,,,,,,,,,,,,,,,,,,,,,
16/05,2219,,"Anna, Xiaoyue","Complete, good",Full UPW,On ,15:57,17:28,toolDAQ,mPMT_hardware_trigger v4,," pos. hadron, slit 2%",LEMB v5.1,LEMB v5.1,1250,80,1517,OUT,1.01,1.01,1.015,out,out,out,Be200,VME run 1910,,Spills with 2.4s apart occurred,,,,,,,
,,,,,,,,,,,,,,,,,,,,,,,,,,,,,,,,,,,
16/05,2220,,"Anna, Xiaoyue","Complete, bad",Full UPW,On ,18:23,18:26,toolDAQ,mPMT_hardware_trigger v4,,"pos. hadron, slit 1%",LEP 5.1,LEP 5.1,1000,800,1498,OUT,1.01,1.01,1.01,1.015,1.015,out,Al200,VME run 1911,RBU died after a minute. All mPMTs dropping packets.,About 15k trigger/spill,,,,,,,
,,,,,,,,,,,,,,,,,,,,,,,,,,,,,,,,,,,
16/05,2221,,"Anna, Xiaoyue","Complete, bad",Full UPW,On ,18:29,18:30,toolDAQ,mPMT_hardware_trigger v4,,"pos. hadron, slit 1%",LEP 5.1,LEP 5.1,1000,800,1498,OUT,1.01,1.01,1.01,1.015,1.015,out,Al200,VME run 1912,RBU died after a minute. All mPMTs dropping packets.,About 15k trigger/spill,,,,,,,
,,,,,,,,,,,,,,,,,,,,,,,,,,,,,,,,,,,
16/05,2222,,"Anna, Xiaoyue","Complete, errors",Full UPW,On ,18:35,19:10,toolDAQ,mPMT_hardware_trigger v5,,"pos. hadron, slit 1%",LEP 5.1,LEP 5.1,1000,800,1498,OUT,1.01,1.01,1.01,1.015,1.015,out,Al200,VME run 1913,RBU died. All mPMTs dropping packets,About 15k trigger/spill,,,,,,,
,,,,,,,,,,,,,,,,,,,,,,,,,,,,,,,,,,,
16/05,2223,,"Anna, Xiaoyue","Complete, errors",Full UPW,On ,19:17,19:25,toolDAQ,mPMT_hardware_trigger v5,,"pos. hadron, slit 1%",LEP 5.1,LEP 5.1,1000,800,1498,OUT,1.01,1.01,1.01,1.015,1.015,out,Al200,VME run 1914,RBU died,About 15k trigger/spill,,,,,,,
,,,,,,,,,,,,,,,,,,,,,,,,,,,,,,,,,,,
16/05,2224,,"Anna, Xiaoyue","Complete, errors",Full UPW,On ,19:30,19:41,toolDAQ,mPMT_hardware_trigger v5,,"pos. hadron, slit 1%",LEP 5.1,LEP 5.1,1000,800,1498,OUT,1.01,1.01,1.01,1.015,1.015,out,Al200,VME run 1915,RBU died. All mPMTs dropping packets,About 15k trigger/spill,,,,,,,
,,,,,,,,,,,,,,,,,,,,,,,,,,,,,,,,,,,
16/05,2225,,"Anna, Xiaoyue","Complete, good",Full UPW,On ,19:50,20:25,toolDAQ,mPMT_hardware_trigger v5,,"pos. hadron, slit 1%",LEP 5.1,LEP 5.1,1000,800,1498,OUT,1.01,1.01,1.01,1.015,1.015,out,Al200,VME run 1916,Further reduced beam collimator.,About 12.5k trigger/spill,,,,,,,
,,,,,,,,,,,,,,,,,,,,,,,,,,,,,,,,,,,
16/05,2226,,"Anna, Xiaoyue","Complete, errors",Full UPW,On ,20:34,21:59,toolDAQ,mPMT_hardware_trigger v5,,"pos. hadron, slit 1%",LEE v5.1,LEE v5.1,1000,800,1498,OUT,1.01,1.01,1.01,1.015,1.015,out,Al200,VME run 1920,This run is weird. The first 30min to an hour probably can't be matched with VME reliably. Trigger config changed a few times mid run but should still be useable,RBU died. dropped packets,,,,,,,
,,,,,,,,,,,,,,,,,,,,,,,,,,,,,,,,,,,
16/05,2227,,"Anna, Xiaoyue","Complete, good",Full UPW,On ,22:04,23:25,toolDAQ,mPMT_hardware_trigger v5,,"pos. hadron, slit 1%",LEE v5.1,LEE v5.1,1000,800,1498,OUT,1.01,1.01,1.01,1.015,1.015,out,Al200,VME run 1921,,,,,,,,,
,,,,,,,,,,,,,,,,,,,,,,,,,,,,,,,,,,,
16/05,2228,,"Koun, Mustahsan","Complete, good",Full UPW,On ,00:06,00:30,toolDAQ,mPMT_hardware_trigger v5,,"pos. hadron, slit 1%",LEE v5.1,LEE v5.1,1000,800,1498,OUT,1.01,1.01,1.01,1.015,1.015,out,Al200,VME run 1922,,,,,,,,,
,,,,,,,,,,,,,,,,,,,,,,,,,,,,,,,,,,,
16/05,2229,,"Koun, Mustahsan","Bad, Incomplete",Full UPW,On ,00:32,00:35,toolDAQ,mPMT_hardware_trigger v5,,"pos. hadron, slit 1%",LEE v5.1,LEE v5.1,1000,800,1498,OUT,1.01,1.01,1.01,1.015,1.015,out,Al200,VME run 1923,,,,,,,,,
,,,,,,,,,,,,,,,,,,,,,,,,,,,,,,,,,,,
16/05,2230,,"Koun, Mustahsan","Complete, errors",Full UPW,On ,00:37,02:00,toolDAQ,mPMT_hardware_trigger v5,,"pos. hadron, slit 1%",LEE v5.1,LEE v5.1,1000,800,1498,OUT,1.01,1.01,1.01,1.015,1.015,out,Al200,VME run 1924,,,,,,,,,
,,,,,,,,,,,,,,,,,,,,,,,,,,,,,,,,,,,
16/05,2232,,"Koun, Mustahsan","Aborted, misinput",Full UPW,On ,02:22,,toolDAQ,Good_mpmt_beam v5,,"pos. hadron, slit 1%",LEE v5.1,LEE v5.1,1000,800,1498,OUT,1.01,1.01,1.01,1.015,1.015,out,Al200,VME run 1925,,,,,,,,,
,,,,,,,,,,,,,,,,,,,,,,,,,,,,,,,,,,,
16/05,2233,,"Koun, Mustahsan","Aborted, misinput",Full UPW,On ,,,toolDAQ,Good_mpmt_beam v5,,"pos. hadron, slit 1%",LEE v5.1,LEE v5.1,1000,800,1498,OUT,1.01,1.01,1.01,1.015,1.015,out,Al200,VME run 1926,,,,,,,,,
,,,,,,,,,,,,,,,,,,,,,,,,,,,,,,,,,,,
16/05,2234,,"Koun, Mustahsan","Aborted, misinput",Full UPW,On ,,,toolDAQ,Good_mpmt_beam v5,,"pos. hadron, slit 1%",LEE v5.1,LEE v5.1,1000,800,1498,OUT,1.01,1.01,1.01,1.015,1.015,out,Al200,VME run 1927,,,,,,,,,
,,,,,,,,,,,,,,,,,,,,,,,,,,,,,,,,,,,
16/05,2235,,"Koun, Mustahsan","Aborted, misinput",Full UPW,On ,,,toolDAQ,Good_mpmt_beam v5,,"pos. hadron, slit 1%",LEE v5.1,LEE v5.1,1000,800,1498,OUT,1.01,1.01,1.01,1.015,1.015,out,Al200,VME run 1928,,,,,,,,,
,,,,,,,,,,,,,,,,,,,,,,,,,,,,,,,,,,,
16/05,2236,,"Koun, Mustahsan","Aborted, misinput",Full UPW,On ,,,toolDAQ,Good_mpmt_beam v5,,"pos. hadron, slit 1%",LEE v5.1,LEE v5.1,1000,800,1498,OUT,1.01,1.01,1.01,1.015,1.015,out,Al200,VME run 1929,,,,,,,,,
,,,,,,,,,,,,,,,,,,,,,,,,,,,,,,,,,,,
16/05,2237,,"Koun, Mustahsan","Aborted, misinput",Full UPW,On ,,03:50,toolDAQ,Good_mpmt_beam v5,,"pos. hadron, slit 1%",LEE v5.1,LEE v5.1,1000,800,1498,OUT,1.01,1.01,1.01,1.015,1.015,out,Al200,VME run 1930,,,,,,,,,
,,,,,,,,,,,,,,,,,,,,,,,,,,,,,,,,,,,
17/05,2238,,"Koun, Mustahsan","Complete, errors",Full UPW,On ,03:54,05:50,toolDAQ,mPMT_hardware_trigger v5,,"pos. hadron, slit 1%",LEE v5.1,LEE v5.1,1000,800,1498,OUT,1.01,1.01,1.01,1.015,1.015,out,Al200,VME run 1931,"03:54 mPMTs have dropped packets [27, 45, 48, 75, 87, 91, 101, 109, 114]",Missing mPMTs,,,,,,,
,,,,,,,,,,,,,,,,,,,,,,,,,,,,,,,,,,,
17/05,2239,,"Koun, Mustahsan, Andrzej, Elena","Complete, errors",Full UPW,On ,05:53,08:30,toolDAQ,mPMT_hardware_trigger v5,,"pos. hadron, slit 1%",LEE v5.1,LEE v5.1,1000,800,1498,OUT,1.01,1.01,1.01,1.015,1.015,out,Al200,VME run 1932,Dropped packets. Run aborted due to no beam. RBU died,Missing mPMTs,,,,,,,
,,,,,,,,,,,,,,,,,,,,,,,,,,,,,,,,,,,
17/05,2240,,"Andrzej, Elena","Complete, errors",Full UPW,On ,08:40,09:42,toolDAQ,mPMT_hardware_trigger v5,,"pos. hadron, slit 1%",LEE v5.1,LEE v5.1,1000,800,1498,OUT,1.01,1.01,1.01,1.015,1.015,out,Al200,VME run 1933,Dropped packets. RBU died,Missing mPMTs,,,,,,,
,,,,,,,,,,,,,,,,,,,,,,,,,,,,,,,,,,,
17/05,2241,,"Andrzej, Elena","Complete, good",Full UPW,On ,09:48,10:13,toolDAQ,mPMT_hardware_trigger v5,,"pos. hadron, slit 1%",LEE v5.1,LEE v5.1,1000,800,1498,OUT,1.01,1.01,1.01,1.015,1.015,out,Al200,VME run 1934,Dropped packets,Missing mPMTs,,,,,,,
,,,,,,,,,,,,,,,,,,,,,,,,,,,,,,,,,,,
17/05,2242,,"Andrzej, Elena","Complete, errors",Full UPW,On ,11:20,12:00,toolDAQ,mPMT_hardware_trigger v5,,"pos. hadron, slit 1%",LEE v5.1,LEE v5.1,1000,800,1498,OUT,1.01,1.01,1.01,1.015,1.015,out,Al200,VME run 1935,,,,,,,,,
,,,,,,,,,,,,,,,,,,,,,,,,,,,,,,,,,,,
17/05,2243,,"Andrzej, Elena","Complete, good",Full UPW,On ,12:04,13:27,toolDAQ,mPMT_hardware_trigger v5,,"pos. hadron, slit 1%",LEE v5.1,LEE v5.1,1000,800,1498,OUT,1.01,1.01,1.01,1.015,1.015,out,Al200,VME run 1936,,,,,,,,,
,,,,,,,,,,,,,,,,,,,,,,,,,,,After swapping the power supply due to overheating ,,,,,,,,
17/05,2245,,"Andrzej, Elena","Complete, good",Full UPW,On ,14:02,17:07,toolDAQ,mPMT_hardware_trigger v5,,"neg. hadron, slit 1%",LEE v5.1,LEE v5.1,1000,-800,1502,OUT,1.01,1.01,1.01,1.015,1.015,out,Al200,VME run 1938,"We did not have QDC data in the previous VME run, so we Stop the VME and startted a new one ",,,,,,,,
,,,,,,,,,,,,,,,,,,,,,,,,,,,,,,,,,,,
17/05,2246,,Anna. Xiaoyue,"Complete, errors",Full UPW,On ,17:14,18:25,toolDAQ,mPMT_hardware_trigger v5,,"neg. hadron, slit 1%",LEE v5.1,LEE v5.1,1000,-800,1502,OUT,1.01,1.01,1.01,1.015,1.015,out,Al200,VME run 1939,Dropped packets at the end of run. RBU died,,,,,,,,
,,,,,,,,,,,,,,,,,,,,,,,,,,,,,,,,,,,
17/05,2248,,Anna. Xiaoyue,"Complete, errors",Full UPW,On ,18:40,18:49,toolDAQ,mPMT_hardware_trigger v5,,"neg. hadron, slit 1%",LEE v5.1,LEE v5.1,1000,-800,1502,OUT,1.01,1.01,1.01,1.015,1.015,out,Al200,VME run 1940,Dropped packets at the end of run. RBU died,,,,,,,,
,,,,,,,,,,,,,,,,,,,,,,,,,,,,,,,,,,,
17/05,2249,,Anna. Xiaoyue,"Complete, good",Full UPW,On ,18:53,19:36,toolDAQ,mPMT_hardware_trigger v5,,"neg. hadron, slit 1%",LEE v5.1,LEE v5.1,1000,-800,1502,OUT,1.01,1.01,1.01,1.015,1.015,out,Al200,VME run 1941,Accidentally ran the script that stopped the mPMTs manually,,,,,,,,
,,,,,,,,,,,,,,,,,,,,,,,,,,,,,,,,,,,
17/05,2250,,Anna. Xiaoyue,"Bad, Incomplete",Full UPW,On ,19:38,19:39,toolDAQ,mPMT_hardware_trigger v5,,"neg. hadron, slit 1%",LEE v5.1,LEE v5.1,1000,-800,1502,OUT,1.01,1.01,1.01,1.015,1.015,out,Al200,VME run 1941,RBU died,,,,,,,,
,,,,,,,,,,,,,,,,,,,,,,,,,,,,,,,,,,,
17/05,2251,,Anna. Xiaoyue,"Complete, errors",Full UPW,On ,19:42,20:02,toolDAQ,mPMT_hardware_trigger v5,,"neg. hadron, slit 1%",LEE v5.1,LEE v5.1,1000,-800,1502,OUT,1.01,1.01,1.01,1.015,1.015,out,Al200,VME run 1942,RBU died,,,,,,,,
,,,,,,,,,,,,,,,,,,,,,,,,,,,,,,,,,,,
17/05,2252,,Anna. Xiaoyue,"Complete, good",Full UPW,On ,20:07,22:25,toolDAQ,mPMT_hardware_trigger v5,,"neg. hadron, slit 1%",LEE v5.1,LEE v5.1,1000,-800,1502,OUT,1.01,1.01,1.01,1.015,1.015,out,Al200,VME run 1943,,,,,,,,,
,,,,,,,,,,,,,,,,,,,,,,,,,,,,,,,,,,,
17/05,2254,,Anna. Xiaoyue,"Complete, good",Full UPW,On ,22:40,01:46,toolDAQ,mPMT_hardware_trigger v5,,"pos. hadron, slit 1%",LEE v5.1,LEE v5.1,1000,600,1420,OUT,1.01,1.01,1.01,1.015,1.015,out,Al200,VME run 1944,,,,,,,,,
,,,,,,,,,,,,,,,,,,,,,,,,,,,,,,,,,,,
18/05,2255,,"Koun, Mustahsan","Complete, good",Full UPW,On ,01:53,04:55,toolDAQ,mPMT_hardware_trigger v5,,"pos. hadron, slit 1%",LEE v5.1,LEE v5.1,1000,600,1420,OUT,1.01,1.01,1.01,1.015,1.015,out,Al200,VME run 1945,,,,,,,,,
,,,,,,,,,,,,,,,,,,,,,,,,,,,,,,,,,,,
18/05,2257,,"Koun, Mustahsan, Andrzej, Elena","Complete, errors",Full UPW,On ,05:12,07:17,toolDAQ,mPMT_hardware_trigger v5,,"pos. hadron, slit 1%",LEE v5.1,LEE v5.1,1000,600,1420,OUT,1.01,1.01,1.01,1.015,1.015,out,Al200,VME run 1946,Dropped packets + RBU died,,,,,,,,
,,,,,,,,,,,,,,,,,,,,,,,,,,,,,,,,,,,
18/05,2258,,"Andrzej, Elena","Aborted, misinput",Full UPW,On ,07:23,07:26,toolDAQ,mPMT_hardware_trigger v5,,"pos. hadron, slit 1%",LEE v5.1,LEE v5.1,1000,600,1420,OUT,1.01,1.01,1.01,1.015,1.015,out,Al200,VME run 1947,Dropped packets + RBU died,,,,,,,,
,,,,,,,,,,,,,,,,,,,,,,,,,,,,,,,,,,,
18/05,2261,,"Andrzej, Elena","Aborted, misinput",Full UPW,On ,07:56,07:59,toolDAQ,mPMT_hardware_trigger v5,,"pos. hadron, slit 1%",LEE v5.1,LEE v5.1,1000,600,1420,OUT,1.01,1.01,1.01,1.015,1.015,out,Al200,VME run 1948,Dropped packets + RBU died,,,,,,,,
,,,,,,,,,,,,,,,,,,,,,,,,,,,,,,,,,,,
18/05,2262,,"Andrzej, Elena","Complete, errors",Full UPW,On ,08:22,09:44,toolDAQ,mPMT_hardware_trigger v5,,"pos. hadron, slit 1%",LEE v5.1,LEE v5.1,1000,600,1420,OUT,1.01,1.01,1.01,1.015,1.015,out,Al200,VME run 1950,Stopped and restarted VME. Dropped packets + RBU died,,,,,,,,
,,,,,,,,,,,,,,,,,,,,,,,,,,,,,,,,,,,
18/05,2263,,"Andrzej, Elena","Complete, errors",Full UPW,On ,09:59,10:22,toolDAQ,mPMT_hardware_trigger v5,,"pos. hadron, slit 1%",LEE v5.1,LEE v5.1,1000,600,1420,OUT,1.01,1.01,1.01,1.015,1.015,out,Al200,VME run 1951,RBU died,,,,,,,,
,,,,,,,,,,,,,,,,,,,,,,,,,,,,,,,,,,,
18/05,2265,,"Andrzej, Elena","Complete, errors",Full UPW,On ,11:54,12:10,toolDAQ,mPMT_hardware_trigger v5,,"pos. hadron, slit 1%",LEE v5.1,LEE v5.1,1000,600,1420,OUT,1.01,1.01,1.01,1.015,1.015,out,Al200,VME run 1952,RBU died,,,,,,,,
,,,,,,,,,,,,,,,,,,,,,,,,,,,,,,,,,,,
18/05,2267,,"Andrzej, Elena","Complete, errors",Full UPW,On ,12:15,12:55,toolDAQ,mPMT_hardware_trigger v5,,"pos. hadron, slit 1%",LEE v5.1,LEE v5.1,1000,600,1420,OUT,1.01,1.01,1.01,1.015,1.015,out,Al200,VME run 1953,Dropped packets,,,,,,,,
,,,,,,,,,,,,,,,,,,,,,,,,,,,,,,,,,,,
18/05,2268,,"Andrzej, Elena","Complete, errors",Full UPW,On ,13:00,13:57,toolDAQ,mPMT_hardware_trigger v5,,"pos. hadron, slit 1%",LEE v5.1,LEE v5.1,1000,600,1420,OUT,1.01,1.01,1.01,1.015,1.015,out,Al200,VME run 1954,Dropped packets + RBU died,,,,,,,,
,,,,,,,,,,,,,,,,,,,,,,,,,,,,,,,,,,,
18/05,2269,,"Andrzej, Elena","Complete, errors",Full UPW,On ,14:00,14:34,toolDAQ,mPMT_hardware_trigger v5,,"pos. hadron, slit 1%",LEE v5.1,LEE v5.1,1000,600,1420,OUT,1.01,1.01,1.01,1.015,1.015,out,Al200,VME run 1955,Dropped packets + RBU died,,,,,,,,
,,,,,,,,,,,,,,,,,,,,,,,,,,,,,,,,,,,
18/05,2270,,"Andrzej, Elena","Complete, good",Full UPW,On ,14:44,15:30,toolDAQ,mPMT_hardware_trigger v5,,"pos. hadron, slit 1%",LEE v5.1,LEE v5.1,1000,600,1420,OUT,1.01,1.01,1.01,1.015,1.015,out,Al200,VME run 1956,,,,,,,,,
,,,,,,,,,,,,,,,,,,,,,,,,,,,,,,,,,,,
18/05,2271,,"Anna, Xiaoyue","Complete, good",Full UPW,On ,15:40,16:43,toolDAQ,mPMT_hardware_trigger v5,,"pos. hadron, slit 1%",LEE v5.1,LEE v5.1,1000,600,1420,OUT,1.01,1.01,1.01,1.015,1.015,out,Al200,VME run 1957,Marcus debugging RBU; changed to 2% momentum slit at ~16:15 to increase trigger rate,,,,,,,,
,,,,,,,,,,,,,,,,,,,,,,,,,,,,,,,,,,,
18/05,2273,,"Anna, Xiaoyue","Complete, good",Full UPW,On ,17:31,20:37,toolDAQ,mPMT_hardware_trigger v5,,"pos. hadron, slit 1%",LEE v5.1,LEE v5.1,1000,950,1521,OUT,1.01,1.01,1.01,1.015,1.015,out,Al200,VME run 1958,"The VME ""killed"" ~15 minutes into the run",,,,,,,,
,,,,,,,,,,,,,,,,,,,,,,,,,,,,,,,,,,,
18/05,2274,,"Anna, Xiaoyue","Complete, errors",Full UPW,On ,20:43,22:36,toolDAQ,mPMT_hardware_trigger v5,,"pos. hadron, slit 1%",LEE v5.1,LEE v5.1,1000,950,1521,OUT,1.01,1.01,1.01,1.015,1.015,out,Al200,VME run 1959,"Dropped packets, RBU died",,,,,,,,
,,,,,,,,,,,,,,,,,,,,,,,,,,,,,,,,,,,
18/05,2276,,"Anna, Xiaoyue","Complete, errors",Full UPW,On ,22:50,23:12,toolDAQ,mPMT_hardware_trigger v5,,"pos. hadron, slit 1%",LEE v5.1,LEE v5.1,1000,950,1521,OUT,1.01,1.01,1.01,1.015,1.015,out,Al200,VME run 1960,"Dropped packets, RBU died",,,,,,,,
,,,,,,,,,,,,,,,,,,,,,,,,,,,,,,,,,,,
18/05,2277,,"Koun, Mustahsan","Complete, errors",Full UPW,On ,23:21,23:30,toolDAQ,mPMT_hardware_trigger v5,,"pos. hadron, slit 1%",LEE v5.1,LEE v5.1,1000,950,1521,OUT,1.01,1.01,1.01,1.015,1.015,out,Al200,VME run 1961,"Dropped packets, RBU died",,,,,,,,
,,,,,,,,,,,,,,,,,,,,,,,,,,,,,,,,,,,
18/05,2278,,"Koun, Mustahsan","Complete, errors",Full UPW,On ,23:35,00:59,toolDAQ,mPMT_hardware_trigger v5,,"pos. hadron, slit 1%",LEE v5.1,LEE v5.1,1000,950,1521,OUT,1.01,1.01,1.01,1.015,1.015,out,Al200,VME run 1962,"Dropped packets, RBU died",,,,,,,,
,,,,,,,,,,,,,,,,,,,,,,,,,,,,,,,,,,,
19/05,2279,,"Koun, Mustahsan","Complete, errors",Full UPW,On ,01:05,01;11,toolDAQ,mPMT_hardware_trigger v5,,"pos. hadron, slit 1%",LEE v5.1,LEE v5.1,1000,950,1521,OUT,1.01,1.01,1.01,1.015,1.015,out,Al200,VME run 1963,"Dropped packets, RBU died",,,,,,,,
,,,,,,,,,,,,,,,,,,,,,,,,,,,,,,,,,,,
19/05,2280,,"Koun, Mustahsan","Complete, good",Full UPW,On ,01:16,03:46,toolDAQ,mPMT_hardware_trigger v5,,"pos. hadron, slit 1%",LEE v5.1,LEE v5.1,1000,950,1521,OUT,1.01,1.01,1.01,1.015,1.015,out,Al200,VME run 1964,,,,,,,,,
,,,,,,,,,,,,,,,,,,,,,,,,,,,,,,,,,,,
19/05,2282,,"Koun, Mustahsan","Complete, good",Full UPW,On ,04:03,06:48,toolDAQ,mPMT_hardware_trigger v5,,"neg. hadron, slit 1%",LEE v5.1,LEE v5.1,1000,-600,1522,OUT,1.01,1.01,1.01,1.015,1.015,out,Al200,VME run 1965,,,,,,,,,
,,,,,,,,,,,,,,,,,,,,,,,,,,,,,,,,,,,
19/05,2283,,"Koun, Mustahsan","Complete, good",Full UPW,On ,06:52,08:28,toolDAQ,mPMT_hardware_trigger v5,,"neg. hadron, slit 1%",LEE v5.1,LEE v5.1,1000,-600,1522,OUT,1.01,1.01,1.01,1.015,1.015,out,Al200,VME run 1966,,,,,,,,,
,,,,,,,,,,,,,,,,,,,,,,,,,,,,,,,,,,,
19/05,2284,,Andrzej x 2,"Complete, good",Full UPW,On ,09:51,10:31,toolDAQ,mPMT_hardware_trigger v5,," pos. hadron, slit 2%",LEP 5.1,LEP 5.1,1050,1100,1485,OUT,1.03,1.03,1.03,1.15,1.15,out,Al200,VME run ,Stop because ACT2-R does not have any data,,,,,,,,
,,,,,,,,,,,,,,,,,,,,,,,,,,,,,,,,,,,
19/05,2285,,Andrzej x 2,"Complete, good",Full UPW,On ,10:38,15:10,toolDAQ,mPMT_hardware_trigger v5,," pos. hadron, slit 2%",LEP 5.1,LEP 5.1,1050,1100,1485,OUT,1.03,1.03,1.03,1.15,1.15,out,Al200,VME run 1969,Stopped due to pump failure ,,,,,,,,
,,,,,,,,,,,,,,,,,,,,,,,,,,,,,,,,,,,
19/05,2286,,"Xiaoyue, Rituparna","Complete, errors",Full UPW,On ,15:13,15:44,toolDAQ,mPMT_hardware_trigger v5,," pos. hadron, slit 2%",LEP 5.1,LEP 5.1,1050,1100,1485,OUT,1.03,1.03,1.03,1.15,1.15,out,Al200,VME run 1970,"mPMTs dropped packets , RBU died.",,,,,,,,
,,,,,,,,,,,,,,,,,,,,,,,,,,,,,,,,,,,
19/05,2288,,"Xiaoyue, Rituparna","Complete, good",Full UPW,On ,16:04,16:17,toolDAQ,mPMT_hardware_trigger v5,," pos. hadron, slit 2%",LEP 5.1,LEP 5.1,1050,1100,1485,OUT,1.03,1.03,1.03,1.15,1.15,out,Al200,VME run 1971,PT1 error shutting off pump again.,,,,,,,,
,,,,,,,,,,,,,,,,,,,,,,,,,,,,,,,,,,,
19/05,2289,,"Xiaoyue, Rituparna","Complete, errors",Full UPW,On ,16:35,16:42,toolDAQ,mPMT_hardware_trigger v5,," pos. hadron, slit 2%",LEP 5.1,LEP 5.1,1050,1100,1485,OUT,1.03,1.03,1.03,1.15,1.15,out,Al200,VME run 1972,"mPMTs dropped packets, RBU died.
Started by Marcus.",,,,,,,,
,,,,,,,,,,,,,,,,,,,,,,,,,,,,,,,,,,,
19/05,2290,,"Xiaoyue, Rituparna","Complete, errors",Full UPW,On ,16:46,20:00,toolDAQ,mPMT_hardware_trigger v5,," pos. hadron, slit 2%",LEP 5.1,LEP 5.1,1050,1100,1485,OUT,1.03,1.03,1.03,1.15,1.15,out,Al200,VME run 1973,Started by Marcus. ,,,,,,,,
,,,,,,,,,,,,,,,,,,,,,,,,,,,,,,,,,,,
19/05,2292,,"Xiaoyue, Rituparna","Complete, errors",Full UPW,On ,20:20,21:50,toolDAQ,mPMT_hardware_trigger v5,," pos. hadron, slit 2%",LEP 5.1,LEP 5.1,1050,1100,1485,OUT,1.03,1.03,1.03,1.15,1.15,out,Al200,VME run 1974,"mPMTs dropped packets, RBU died.",,,,,,,,
,,,,,,,,,,,,,,,,,,,,,,,,,,,,,,,,,,,
19/05,2293,,"Xiaoyue, Rituparna","Complete, good",Full UPW,On ,22:01,01:58,toolDAQ,mPMT_hardware_trigger v5,,"pos. hadron, slit 1%",LEP 5.1,LEP 5.1,1050,1100,1485,OUT,1.03,1.03,1.03,1.15,1.15,out,Al200,VME run 1975,,,,,,,,,
,,,,,,,,,,,,,,,,,,,,,,,,,,,,,,,,,,,
20/05,2295,,"Mustahsan, Jacek Holeczek","Complete, good",Full UPW,On ,2:14,06:00,toolDAQ,mPMT_hardware_trigger v5,,"pos. hadron, slit 1%",LEP 5.1,LEP 5.1,1050,1100,1485,OUT,1.03,1.03,1.03,1.15,1.15,out,Al200,VME run 1976,,,,,,,,,
,,,,,,,,,,,,,,,,,,,,,,,,,,,,,,,,,,,
20/05,2297,,"Mustahsan, Jacek Holeczek","Complete, good",Full UPW,On ,6:15,08:01,toolDAQ,mPMT_hardware_trigger v5,,"pos. hadron, slit 1%",LEP 5.1,LEP 5.1,1050,1100,1485,OUT,1.03,1.03,1.03,1.15,1.15,out,Al200,VME run 1977,Stopped due to no beam,,,,,,,,
,,,,,,,,,,,,,,,,,,,,,,,,,,,,,,,,,,,
20/05,2299,,Adrzej x 2,"Complete, good",Full UPW,On ,8:20,10:34,toolDAQ,mPMT_hardware_trigger v5,,"pos. hadron, slit 1%",LEP 5.1,LEP 5.1,1050,1100,1485,OUT,1.03,1.03,1.03,1.15,1.15,out,Al200,VME run 1978,,,,,,,,,
,,,,,,,,,,,,,,,,,,,,,,,,,,,,,,,,,,,
20/05,2300,,Adrzej x 2,"Complete, good",Full UPW,On ,10:38,12:20,toolDAQ,mPMT_hardware_trigger v5,,"pos. hadron, slit 2%",LEP 5.1,LEP 5.1,1050,1100,1485,OUT,1.03,1.03,1.03,1.15,1.15,out,Al200,VME run 1979,"mPMTs dropped packets, RBU died.",,,,,,,,
,,,,,,,,,,,,,,,,,,,,,,,,,,,,,,,,,,,
20/05,2301,,Adrzej x 2,"Complete, errors",Full UPW,On ,12:26,12:34,toolDAQ,mPMT_hardware_trigger v5,,"pos. hadron, slit 2%",LEP 5.1,LEP 5.1,1050,1100,1485,OUT,1.03,1.03,1.03,1.15,1.15,out,Al200,VME run 1980,,,,,,,,,
,,,,,,,,,,,,,,,,,,,,,,,,,,,,,,,,,,,
20/05,2303,,Adrzej x 2,"Complete, good",Full UPW,On ,12:47,15:05,toolDAQ,mPMT_hardware_trigger v5,,"pos. hadron, slit 2%",LEP 5.1,LEP 5.1,1050,1100,1485,OUT,1.03,1.03,1.03,1.15,1.15,out,Al200,VME run 1981,,,,,,,,,
,,,,,,,,,,,,,,,,,,,,,,,,,,,,,,,,,,,
20/05,2304,,"Xiaoyue, Rituparna","Complete, good",Full UPW,On ,15:10,15:18,toolDAQ,mPMT_hardware_trigger v5,,"pos. hadron, slit 2%",LEP 5.1,LEP 5.1,1050,1100,1485,OUT,1.03,1.03,1.03,1.15,1.15,out,Al200,k,,,,,,,,,
,,,,,,,,,,,,,,,,,,,,,,,,,,,,,,,,,,,
20/05,2320,,"Mustahsan, Jacek Holeczek","Complete, good",Full UPW,On ,22:59,02:01,toolDAQ,mPMT_hardware_trigger v5,,"neg. hadron, slit 2%",LEP 5.1,LEP 5.1,1050,-1150,1524,OUT,1.03,1.03,1.03,1.15,1.15,out,Al200,VME run 1985,,,,,,,,,
,,,,,,,,,,,,,,,,,,,,,,,,,,,,,,,,,,,
21/05,2323,,"Mustahsan, Jacek Holeczek","Complete, good",Full UPW,On ,2:36,06:05,toolDAQ,mPMT_hardware_trigger v5,,"neg. hadron, slit 2%",LEP 5.1,LEP 5.1,1050,-1150,1524,OUT,1.03,1.03,1.03,1.15,1.15,out,Al200,VME run 1986,,,,,,,,,
,,,,,,,,,,,,,,,,,,,,,,,,,,,,,,,,,,,
21/05,2324,,"Mustahsan, Jacek Holeczek","Complete, good",Full UPW,On ,6:23,10:25,toolDAQ,mPMT_hardware_trigger v5,,"neg. hadron, slit 2%",LEP 5.1,LEP 5.1,1050,-1150,1524,OUT,1.03,1.03,1.03,1.15,1.15,out,Al200,VME run 1987,,,,,,,,,
,,,,,,,,,,,,,,,,,,,,,,,,,,,,,,,,,,,
21/05,2338,,"Dean, Rituparna","Complete, good",Full UPW,On ,19:46,22:29,toolDAQ,mPMT_hardware_trigger v5,,"neg. hadron, slit 2%",LEP 5.1,LEP 5.1,1050,-1150,1524,OUT,1.03,1.03,1.03,1.15,1.15,out,Al200,VME run 1988,,,,,,,,,
,,,,,,,,,,,,,,,,,,,,,,,,,,,,,,,,,,,
21/05,2340,,"Dean, Rituparna","Complete, good",Full UPW,Off,22:52,03:04,toolDAQ,mPMT_hardware_trigger v5,,"neg. hadron, slit 2%",LEP 5.1,LEP 5.1,1050,-1150,1524,OUT,1.03,1.03,1.03,1.15,1.15,out,Al200,VME run 1989,Gd loading starts during run,,,,,,,,
,,,,,,,,,,,,,,,,,,,,,,,,,,,,,,,,,,,
22/05,2342,,"Sahar, Jacek Holeczek","Complete, good",Full UPW,On ,3:29,08:55,toolDAQ,mPMT_hardware_trigger v5,,"pos. hadron, slit 2%",LEP 5.1,LEP 5.1,1050,-1150,1524,OUT,1.03,1.03,1.03,1.15,1.15,out,Al200,VME run 1990,,,,,,,,,
,,,,,,,,,,,,,,,,,,,,,,,,,,,,,,,,,,,
22/05,2342,,"John, Andrzej","Complete, good",Full UPW,On ,3:29,08:55,toolDAQ,mPMT_hardware_trigger v5,,"neg. hadron, slit 2%",LEP 5.1,LEP 5.1,1050,-1150,1524,OUT,1.03,1.03,1.03,1.15,1.15,out,Al200,VME run 1990,,,,,,,,,
,,,,,,,,,,,,,,,,,,,,,,,,,,,,,,,,,,,
22/05,2343,,"John, Andrzej, XIaoyue","Complete, errors",Full UPW,On ,13:04,13:14,toolDAQ,mPMT_hardware_trigger v5,,"pos. hadron, slit 1 %",LEE v5.1,LEE v5.1,1000,800,1498,OUT,1.01,1.01,1.01,1.015,1.015,out,Al200,VME run 1991,mPMT 117 gave PPS error and had dropped packets at the beginning but stabalized,,,RBU crash stopped run,,,,,
,,,,,,,,,,,,,,,,,,,,,,,,,,,,,,,,,,,
22/05,2344,,"John, Andrzej, XIaoyue","Complete, errors",Full UPW,On ,13:18,13:32,toolDAQ,mPMT_hardware_trigger v5,,"pos. hadron, slit 1 %",LEE v5.1,LEE v5.1,1000,800,1498,OUT,1.01,1.01,1.01,1.015,1.015,out,Al200,VME run 1992,"mPMTs dropped packets, RBU died.",,,RBU crashed stopped run,,,,,
,,,,,,,,,,,,,,,,,,,,,,,,,,,,,,,,,,,
22/05,2345,,"John, Andrzej, XIaoyue","Complete, errors",Full UPW,On ,13:35,13:36,toolDAQ,mPMT_hardware_trigger v5,,"pos. hadron, slit 1 %",LEE v5.1,LEE v5.1,1000,800,1498,OUT,1.01,1.01,1.01,1.015,1.015,out,Al200,VME run 1993,"mPMTs dropped packets, RBU died.",,,RBU crashed stopped run,,,,,
,,,,,,,,,,,,,,,,,,,,,,,,,,,,,,,,,,,
22/05,2346,,"John, Andrzej, XIaoyue","Complete, errors",Full UPW,On ,13:55,14:05,toolDAQ,mPMT_hardware_trigger v5,," pos. hadron, slit 2%",LEP 5.1,LEP 5.1,1050,780,1365,OUT,1.01,1.01,1.01,1.015,1.015,out,Al200,VME run 1995,"mPMTs dropped packets, RBU died.",,,,,,,,
,,,,,,,,,,,,,,,,,,,,,,,,,,,,,,,,,,,
22/05,2347,,"John, Andrzej, XIaoyue","Complete, good",Full UPW,On ,14:19,14:35,toolDAQ,mPMT_hardware_trigger v5,," pos. hadron, slit 2%",LEP 5.1,LEP 5.1,1050,780,1365,OUT,1.01,1.01,1.01,1.015,1.015,out,Al200,VME run 1996,,,,,,,,,
,,,,,,,,,,,,,,,,,,,,,,,,,,,,,,,,,,,
23/05,2349,,"John, Andrzej, XIaoyue","Complete, good",Full UPW,On ,22:05,01:04,toolDAQ,good_mpmt_beam v52,,"pos. hadron, slit 1%",LEE v5.1,LEE v5.1,19000,1200,1486,OUT,1.01,1.01,1.01,out,out,out,Al200,VME run 1997,Collimators changed from 10 to 5 to reduce T0T1L1 rate to ~1000 per spill,,,,,,,,
,,,,,,,,,,,,,,,,,,,,,,,,,,,,,,,,,,,
24/05,2351,,"Sahar, Jacek Holeczek","Complete, good",Full UPW,On ,1:43,04:43,toolDAQ,good_mpmt_beam v52,,"pos. hadron, slit 1%",LEE v5.1,LEE v5.1,19000,1000,1364,OUT,1.01,1.01,1.01,out,out,out,Al200,VME run 1998,Collimators position still at 5 for T0T1L1 rate ~900 per spill,,,,,,,,
,,,,,,,,,,,,,,,,,,,,,,,,,,,,,,,,,,,
24/05,2352,,"Sahar, Jacek Holeczek","Complete, errors",Full UPW,On ,5:39,07:10,toolDAQ,good_mpmt_beam v52,,"pos. hadron, slit 1%",LEE v5.1,LEE v5.1,19000,800,1498,OUT,1.01,1.01,1.01,out,out,out,Al200,VME run 1999,Collimators position changed to 6 for T0T1L1 rate ~900 per spill,,,RBU crash and dropped packets,,,,,
,,,,,,,,,,,,,,,,,,,,,,,,,,,,,,,,,,,
24/05,2353,,"John, Andrzej","Complete, good",Full UPW,On ,7:16,08:03,toolDAQ,good_mpmt_beam v52,,"pos. hadron, slit 1%",LEE v5.1,LEE v5.1,19000,800,1498,OUT,1.01,1.01,1.01,out,out,out,Al200,VME run 2000,Collimators position changed to 6 for T0T1L1 rate ~900 per spill,,,Stopped due to no beam,,,,,
,,,,,,,,,,,,,,,,,,,,,,,,,,,,,,,,,,,
24/05,2366,,"Xiaoyue, Rituparna, Dean","Complete, good",Full UPW,Off,19:11,19:42,toolDAQ,good_mpmt_beam v52,,"pos. hadron, slit 1%",LEP 5.1,LEP 5.1,19000,600,1420,OUT,1.01,1.01,1.01,out,out,out,Al200,VME run 2002,"With ACTEVD = 99. Unlike LEE, this will keep protons: collimators at 8",,,stopped to make CDS interventions (return to 3 degree resting position),,,,,
,,,,,,,,,,,,,,,,,,,,,,,,,,,,,,,,,,,
24/05,2367,,"Xiaoyue, Rituparna, Dean","Complete, good",Full UPW,Off,20:06,20:55,toolDAQ,good_mpmt_beam v52,,"pos. hadron, slit 1%",LEP 5.1,LEP 5.1,19000,600,1420,OUT,1.01,1.01,1.01,out,out,out,Al200,VME run 2003,"With ACTEVD = 99. Unlike LEE, this will keep protons: collimators at 8",,,stopped to allow another bubble check,,,,,
,,,,,,,,,,,,,,,,,,,,,,,,,,,,,,,,,,,
24/05,2368,,"Xiaoyue, Rituparna, Dean","Complete, good",Full UPW,Off,22:26,01:59,toolDAQ,good_mpmt_beam v52,,"pos. hadron, slit 1%",LEP 5.1,LEP 5.1,19000,1000,1364,OUT,1.01,1.01,1.01,1.06,1.06,out,Al200,VME run 2004,ACTEVD = 99,,,,,,,,
,,,,,,,,,,,,,,,,,,,,,,,,,,,,,,,,,,,
25/05,2370,,"Sahar, Jacek Holeczek","Complete, good",Full UPW,Off,2:28,05:29,toolDAQ,good_mpmt_beam v52,,"pos. hadron, slit 1%",LEP 5.1,LEP 5.1,19000,800,1498,OUT,1.01,1.01,1.01,1.06,1.06,out,Al200,VME run 2005,ACTEVD = 99,,,,,,,,
,,,,,,,,,,,,,,,,,,,,,,,,,,,,,,,,,,,
25/05,2372,,"John, Bartosz","Complete, good",Full UPW,Off,7:10,09:13,toolDAQ,good_mpmt_beam v52,,"neg. hadron, slit 1%",LEP 5.1,LEP 5.1,19000,-360,1454,OUT,1.01,1.01,1.01,1.075,1.075,out,Al200,VME run 2006,ACTEVD = 1,,,,,,,,
,,,,,,,,,,,,,,,,,,,,,,,,,,,,,,,,,,,
25/05,2373,,"John, Bartosz","Complete, good",Full UPW,On ,13:30,15:57,toolDAQ,good_mpmt_beam v54,,"neg. hadron, slit 2%",LEP9Li 2.0,LEP9Li 2.0,34000,--330,1453,OUT,1.01,1.01,1.01,1.075,1.075,out,Al200,VME run 2007,ACTEVD = 1,The collimator settings in the comments section of toolDAQ database are not up to date. This spreadsheet is correct.,,Stopped to do new full LED calibration that Andrzej set up,,,,"ACT change here? Should 3,4 be 1.75 from now on?",
,,,,,,,,,,,,,,,,,,,,,,,,,,,,,,,,,,,
25/05,2374,,"Dean, Loris","Complete, good",Full UPW,On ,16:20,19:17,toolDAQ,good_mpmt_beam v54,,"neg. hadron, slit 2%",LEP9Li 2.0,LEP9Li 2.0,34000,--350,1456,OUT,1.01,1.01,1.01,1.075,1.075,out,Al200,VME run 2008,ACTEVD = 1,The collimator settings in the comments section of toolDAQ database are not up to date. This spreadsheet is correct.,,,,,,,
,,,,,,,,,,,,,,,,,,,,,,,,,,,,,,,,,,,
25/05,2375,,"Dean, Loris","Complete, good",Full UPW,Off,20:00,21:34,toolDAQ,good_mpmt_beam v54,,"neg. hadron, slit 2%",LEP9Li 2.0,LEP9Li 2.0,34000,--310,1451,OUT,1.01,1.01,1.01,1.075,1.075,out,Al200,VME run 2009,ACTEVD = 1,problem in water system,,Stopped to switch back to 0.8 s spills (lower primary proton energy),,,,,The collimator settings in the comments section of toolDAQ database are not up to date. This spreadsheet is correct.
,,,,,,,,,,,,,,,,,,,,,,,,,,,,,,,,,,,
25/05,2376,,"Dean, Loris","Complete, good",Full UPW,Off,21:49,01:34,toolDAQ,good_mpmt_beam v54,,"neg. hadron, slit 2%",LEP9Li 2.0,LEP9Li 2.0,34000,--310,1451,OUT,1.01,1.01,1.01,1.075,1.075,out,Al200,VME run 2010,"ACTEVD = 1, 0.8 second beam spill",problem in water system,,"Issues with water system (flow, pressure, temperature) during latter part of the run. Pump B was turned off",,,,,
,,,,,,,,,,,,,,,,,,,,,,,,,,,,,,,,,,,
26/05,2377,,"Sahar, Anna","Complete, good",Full UPW,On ,1:56,04:11,toolDAQ,good_mpmt_beam v54,,"neg. hadron, slit 2%",LEP9Li 2.0,LEP9Li 2.0,34000,--330,1453,OUT,1.01,1.01,1.01,1.075,1.075,out,Al200,VME run 2011,"ACTEVD = 1, 0.8 second beam spill, collimators at 50",,,,,,,,
,,,,,,,,,,,,,,,,,,,,,,,,,,,,,,,,,,,
26/05,2378,,"Sahar, Anna","Complete, good",Full UPW,On ,4:26,06:48,toolDAQ,good_mpmt_beam v54,,"neg. hadron, slit 2%",LEP9Li 2.0,LEP9Li 2.0,34000,--310,1451,OUT,1.01,1.01,1.01,1.075,1.075,out,Al200,VME run 2012,"ACTEVD = 1, 0.8 second beam spill, collimators at 50",,,,,,,,
,,,,,,,,,,,,,,,,,,,,,,,,,,,,,,,,,,,
26/05,2379,,"Sahar, Anna","Complete, good",Full UPW,On ,7:02,10:00,toolDAQ,good_mpmt_beam v54,,"neg. hadron, slit 2%",LEP9Li 2.0,LEP9Li 2.0,34000,--350,1456,OUT,1.01,1.01,1.01,1.075,1.075,out,Al200,VME run 2013,"ACTEVD = 1, 0.8 second beam spill, collimators at 50",,,,,,,,
,,,,,,,,,,,,,,,,,,,,,,,,,,,,,,,,,,,
26/05,2380,,"John, Bartosz","Complete, good",Full UPW,On ,10:10,12:52,toolDAQ,good_mpmt_beam v54,,"neg. hadron, slit 2%",LEP9Li 2.0,LEP9Li 2.0,34000,-310,1451,OUT,1.01,1.01,1.01,1.075,1.075,out,Al200,VME run 2014,"ACTEVD = 1, 0.8 second beam spill, collimators at 50",,,,,,,,
,,,,,,,,,,,,,,,,,,,,,,,,,,,,,,,,,,,
26/05,2391,,"Dean, Loris","Complete, good",Full UPW,On ,22:40,00:48,toolDAQ,good_mpmt_beam v54,,"neg. hadron, slit 2%",LEP9Li 2.0,LEP9Li 2.0,34000,--330,1453,OUT,1.01,1.01,1.01,1.075,1.075,out,Al200,VME run 2016,"ACTEVD = 1, 0.8 second beam spill, collimators at 50",,,"Water circulation might be off, check with Patrick",,,,,
,,,,,,,,,,,,,,,,,,,,,,,,,,,,,,,,,,,
27/05,2392,,"Sahar, Anna","Complete, good",Full UPW,On ,1:02,02:02,toolDAQ,good_mpmt_beam v54,,"neg. hadron, slit 2%",LEP9Li 2.0,LEP9Li 2.0,34000,--310,1451,OUT,1.01,1.01,1.01,1.075,1.075,out,Al200,VME run 2017,"ACTEVD = 1, 0.8 second beam spill, collimators at 50",,,,,,,,
,,,,,,,,,,,,,,,,,,,,,,,,,,,,,,,,,,,
27/05,2393,,"Sahar, Anna","Complete, good",Full UPW,On ,2:14,05:09,toolDAQ,good_mpmt_beam v54,," pos. hadron, slit 2%",LEP9Li 2.0,LEP9Li 2.0,34000,310,1370,OUT,1.01,1.01,1.01,1.075,1.075,out,Al200,VME run 2018,"ACTEVD = 1, 0.8 second beam spill, collimators at 50",,,,,,,,
,,,,,,,,,,,,,,,,,,,,,,,,,,,,,,,,,,,
27/05,2394,,"Sahar, Anna","Complete, good",Full UPW,On ,05:30,08:35,toolDAQ,good_mpmt_beam v54,," pos. hadron, slit 2%",LEP9Li 2.0,LEP9Li 2.0,34000,330,1367,OUT,1.01,1.01,1.01,1.075,1.075,out,Al200,VME run 2019,"ACTEVD = 1, 0.8 second beam spill, collimators at 50",,,,,,,,
,,,,,,,,,,,,,,,,,,,,,,,,,,,,,,,,,,,
27/05,2395,,"Bartosz, Jiri","Complete, errors",Full UPW,On ,08:56,09:59,toolDAQ,good_mpmt_beam v54,," pos. hadron, slit 2%",LEP9Li 2.0,LEP9Li 2.0,34000,350,1366,OUT,1.01,1.01,1.01,1.075,1.075,out,Al200,VME run 2020,"ACTEVD = 1, 0.8 second beam spill, collimators at 50",Dropped packages at 9:54,,,,,,,
,,,,,,,,,,,,,,,,,,,,,,,,,,,,,,,,,,,
27/05,2396,,"Bartosz, Jiri","Complete, errors",Full UPW,On ,10:09,10:45,toolDAQ,good_mpmt_beam v54,," pos. hadron, slit 2%",LEP9Li 2.0,LEP9Li 2.0,34000,350,1366,OUT,1.01,1.01,1.01,1.075,1.075,out,Al200,VME run 2021,"ACTEVD = 1, 0.8 second beam spill, collimators at 50",Dropped packages since 10:39,,,,,,,
,,,,,,,,,,,,,,,,,,,,,,,,,,,,,,,,,,,
27/05,2397,,"Bartosz, Jiri","Complete, good",Full UPW,On ,10:49,11:49,toolDAQ,good_mpmt_beam v54,," pos. hadron, slit 2%",LEP9Li 2.0,LEP9Li 2.0,34000,350,1366,OUT,1.01,1.01,1.01,1.075,1.075,out,Al200,VME run 2022,"ACTEVD = 1, 0.8 second beam spill, collimators at 50",,,,,,,,
,,,,,,,,,,,,,,,,,,,,,,,,,,,,,,,,,,,
27/05,2398,,"Bartosz, Jiri","Complete, errors",Full UPW,On ,12:05,12:15,toolDAQ,good_mpmt_beam v54,," pos. hadron, slit 2%",LEP9Li 2.0,LEP9Li 2.0,34000,310,1370,OUT,1.01,1.01,1.01,1.075,1.075,out,Al200,VME run 2023,"ACTEVD = 1, 0.8 second beam spill, collimators at 50",Dropped packets,,,,,,,
,,,,,,,,,,,,,,,,,,,,,,,,,,,,,,,,,,,
27/05,2399,,"Bartosz, Jiri","Complete, errors",Full UPW,On ,12:20,12:35,toolDAQ,good_mpmt_beam v54,," pos. hadron, slit 2%",LEP9Li 2.0,LEP9Li 2.0,34000,310,1370,OUT,1.01,1.01,1.01,1.075,1.075,out,Al200,VME run 2024,"ACTEVD = 1, 0.8 second beam spill, collimators at 50",Dropped packets,,,,,,,
,,,,,,,,,,,,,,,,,,,,,,,,,,,,,,,,,,,
27/05,2400,,"Bartosz, Jiri","Complete, good",Full UPW,On ,12:40,13:50,toolDAQ,good_mpmt_beam v54,," pos. hadron, slit 2%",LEP9Li 2.0,LEP9Li 2.0,34000,310,1370,OUT,1.01,1.01,1.01,1.075,1.075,out,Al200,VME run 2025,"ACTEVD = 1, 0.8 second beam spill, collimators at 50",,,,,,,,
,,,,,,,,,,,,,,,,,,,,,,,,,,,,,,,,,,,
27/05,2401,,"Bartosz, Jiri","Complete, good",Full UPW,On ,14:50,15:30,toolDAQ,good_mpmt_beam v54,,"neg. hadron, slit 2%",LEP 5.1,LEP 5.1,34000,-310,1525,OUT,1.01,1.01,1.01,1.075,1.075,out,Al200,VME run 2026,"ACTEVD = 1, 0.8 second beam spill, collimators at 20",,,,,,,,
,,,,,,,,,,,,,,,,,,,,,,,,,,,,,,,,,,,
27/05,2402,,"Adam, Loris","Complete, good",Full UPW,On ,16:00,19:05,toolDAQ,good_mpmt_beam v54,,"neg. hadron, slit 2%",LEP 5.1,LEP 5.1,34000,-310,1525,OUT,1.01,1.01,1.01,1.075,1.075,out,Al200,VME run 2027,"ACTEVD = 1, 0.8 second beam spill, collimators at 20",,,,,,,,
,,,,,,,,,,,,,,,,,,,,,,,,,,,,,,,,,,,
27/05,2403,,"Adam, Loris","Complete, good",Full UPW,On ,19:25,22:25,toolDAQ,good_mpmt_beam v54,,"neg. hadron, slit 2%",LEP9Li 2.0,LEP9Li 2.0,34000,310,1370,OUT,1.01,1.01,1.01,1.075,1.075,out,Al200,VME run 2028,"ACTEVD = 1, 0.8 second beam spill, collimators at 50",,,,,,,,
,,,,,,,,,,,,,,,,,,,,,,,,,,,,,,,,,,,
27/05,2404,,"Adam, Loris","Complete, good",Full UPW,On ,22:50,00:50,toolDAQ,good_mpmt_beam v54,,"neg. hadron, slit 2%",LEP9Li 2.0,LEP9Li 2.0,34000,330,1367,OUT,1.01,1.01,1.01,1.075,1.075,out,Al200,VME run 2029,"ACTEVD = 1, 0.8 second beam spill, collimators at 50",,,,,,,,
,,,,,,,,,,,,,,,,,,,,,,,,,,,,,,,,,,,
28/05,2405,,"Anna, Ben S","Aborted, misinput",,,,,,,,,,,,,,,,,,,,,,,ACT HV was off. ,,,,,,,,
,,,,,,,,,,,,,,,,,,,,,,,,,,,,,,,,,,,
28/05,2406,,"Anna, Ben S","Complete, good",Full UPW,On ,01:58,05:00,toolDAQ,good_mpmt_beam v54,,"neg. hadron, slit 2%",LEP9Li 2.0,LEP9Li 2.0,34000,-290,1449,OUT,1.01,1.01,1.01,1.11,1.11,out,Al200,VME run 2031,"ACTEVD = 1, 0.8 second beam spill, collimators at 50",,,,,,,,
,,,,,,,,,,,,,,,,,,,,,,,,,,,,,,,,,,,
28/05,2407,,"Anna, Ben S","Complete, good",Full UPW,On ,05:07,07:05,toolDAQ,good_mpmt_beam v54,,"neg. hadron, slit 2%",LEP9Li 2.0,LEP9Li 2.0,34000,-270,1447,OUT,1.01,1.01,1.01,1.11,1.11,out,Al200,VME run 2032,"ACTEVD = 1, 0.8 second beam spill, collimators at 50",no beam last 30min of the run,,,,,,,
,,,,,,,,,,,,,,,,,,,,,,,,,,,,,,,,,,,
28/05,2408,,"Bartosz, Jiri","Complete, good",Full UPW,On ,08:18,10:19,toolDAQ,good_mpmt_beam v54,,"neg. hadron, slit 2%",LEP9Li 2.0,LEP9Li 2.0,34000,-270,1447,OUT,1.01,1.01,1.01,1.11,1.11,out,Al200,VME run 2033,"ACTEVD = 1, 0.8 second beam spill, collimators at 50",,,,,,,,
,,,,,,,,,,,,,,,,,,,,,,,,,,,,,,,,,,,
28/05,2409,,"Bartosz, Jiri","Complete, good",Full UPW,On ,10:35,13:14,toolDAQ,good_mpmt_beam v54,,"neg. hadron, slit 2%",LEP9Li 2.0,LEP9Li 2.0,34000,-270,1447,OUT,1.01,1.01,1.01,1.11,1.11,out,Al200,VME run 2034,"ACTEVD = 1, 0.8 second beam spill, collimators at 50",,,,,,,,
,,,,,,,,,,,,,,,,,,,,,,,,,,,,,,,,,,,
28/05,2410,,"Bartosz, Jiri","Complete, errors",Full UPW,On ,13:29,15:35,toolDAQ,good_mpmt_beam v54,,"neg. hadron, slit 2%",LEP9Li 2.0,LEP9Li 2.0,34000,-290,1449,OUT,1.01,1.01,1.01,1.11,1.11,out,Al200,VME run 2035,"ACTEVD = 1, 0.8 second beam spill, collimators at 50",Dropped packets,,,,,,,
,,,,,,,,,,,,,,,,,,,,,,,,,,,,,,,,,,,
28/05,2411,,"Adam, Loris","Bad, Incomplete",Full UPW,On ,15:50,15:55,toolDAQ,good_mpmt_beam v54,,"neg. hadron, slit 2%",LEP9Li 2.0,LEP9Li 2.0,34000,-290,1449,OUT,1.01,1.01,1.01,1.11,1.11,out,Al200,VME run 2036,"ACTEVD = 1, 0.8 second beam spill, collimators at 50",Dropped packets,,,,,,,
,,,,,,,,,,,,,,,,,,,,,,,,,,,,,,,,,,,
28/05,2412,,"Adam, Loris","Bad, Incomplete",Full UPW,On ,16:00,16:20,toolDAQ,good_mpmt_beam v54,,"neg. hadron, slit 2%",LEP9Li 2.0,LEP9Li 2.0,34000,-290,1449,OUT,1.01,1.01,1.01,1.11,1.11,out,Al200,VME run 2037,"ACTEVD = 1, 0.8 second beam spill, collimators at 50",Dropped packets,,,,,,,
,,,,,,,,,,,,,,,,,,,,,,,,,,,,,,,,,,,
28/05,2413,,"Adam, Loris","Complete, good",Full UPW,On ,16:25,19:00,toolDAQ,good_mpmt_beam v54,,"neg. hadron, slit 2%",LEP9Li 2.0,LEP9Li 2.0,34000,290,1383,OUT,1.01,1.01,1.01,1.11,1.11,out,Al200,VME run 2038,"ACTEVD = 1, 0.8 second beam spill, collimators at 50",,,,,,,,
,,,,,,,,,,,,,,,,,,,,,,,,,,,,,,,,,,,
28/05,2414,,"Adam, Loris","Complete, bad",Full UPW,On ,19:20,21:05,toolDAQ,good_mpmt_beam v54,,"neg. hadron, slit 2%",LEP9Li 2.0,LEP9Li 2.0,34000,-290,1449,OUT,1.01,1.01,1.01,1.11,1.11,out,Al200,VME run 2039,"ACTEVD = 1, 0.8 second beam spill, collimators at 50",Dropped packets,,,,,,,
,,,,,,,,,,,,,,,,,,,,,,,,,,,,,,,,,,,
28/05,2415,,"Adam, Loris","Complete, bad",Full UPW,On ,21:20,21:30,toolDAQ,good_mpmt_beam v54,,"neg. hadron, slit 2%",LEP9Li 2.0,LEP9Li 2.0,34000,-270,1447,OUT,1.01,1.01,1.01,1.11,1.11,out,Al200,VME run 2040,"ACTEVD = 1, 0.8 second beam spill, collimators at 50",Dropped packets,,,,,,,
,,,,,,,,,,,,,,,,,,,,,,,,,,,,,,,,,,,
28/05,2416,,"Adam, Loris","Complete, bad",Full UPW,On ,21:35,21:43,toolDAQ,good_mpmt_beam v54,,"neg. hadron, slit 2%",LEP9Li 2.0,LEP9Li 2.0,34000,-270,1447,OUT,1.01,1.01,1.01,1.11,1.11,out,Al200,VME run 2041,"ACTEVD = 1, 0.8 second beam spill, collimators at 50",Dropped packets,,,,,,,
,,,,,,,,,,,,,,,,,,,,,,,,,,,,,,,,,,,
28/05,2417,,"Adam, Loris","Complete, bad",Full UPW,On ,21:58,22:06,toolDAQ,good_mpmt_beam v54,," pos. hadron, slit 2%",LEP9Li 2.0,LEP9Li 2.0,34000,290,1383,OUT,1.01,1.01,1.01,1.11,1.11,out,Al200,VME run 2042,"ACTEVD = 1, 0.8 second beam spill, collimators at 50",Dropped packets,,,,,,,
,,,,,,,,,,,,,,,,,,,,,,,,,,,,,,,,,,,
28/05,2418,,"Adam, Loris","Complete, bad",Full UPW,On ,22:13,22:24,toolDAQ,good_mpmt_beam v54,," pos. hadron, slit 2%",LEP9Li 2.0,LEP9Li 2.0,34000,290,1383,OUT,1.01,1.01,1.01,1.11,1.11,out,Al200,VME run 2043,"ACTEVD = 1, 0.8 second beam spill, collimators at 50","Dropped packets, most likely due to T10",,,,,,,
,,,,,,,,,,,,,,,,,,,,,,,,,,,,,,,,,,,
28/05,2419,,"Adam, Loris","Complete, bad",Full UPW,On ,22:33,,toolDAQ,good_mpmt_beam v54,," pos. hadron, slit 2%",LEP9Li 2.0,LEP9Li 2.0,34000,290,1383,OUT,1.01,1.01,1.01,1.11,1.11,out,Al200,VME run 2044,"ACTEVD = 1, 0.8 second beam spill, collimators at 50",,,,,,,,
,,,,,,,,,,,,,,,,,,,,,,,,,,,,,,,,,,,
28/05,2420,,"Anna, Ben, Blair","Aborted, misinput",Full UPW,On ,,,toolDAQ,mpmt_hardware_trigger_v5,,"pos. hadron, slit 1 %",LEE v5.1,LEE v5.1,34000,950,1521,OUT,1.01,1.01,1.01,1.11,1.11,out,Al200,VME run 2045,"ACTEVD = 1, 0.8 second beam spill, collimators at 50",require E,"Ad hoc momenta not suitable for the ACTs for the moment, HW trigger as cannnot take data due to T10 bckg",,,,,,
,,,,,,,,,,,,,,,,,,,,,,,,,,,,,,,,,,,
29/05,2421,,"Anna, Ben","Complete, good",Full UPW,On ,00:32,03:28,toolDAQ,mpmt_hardware_trigger_v5,,"pos. hadron, slit 1 %",LEE v5.1,LEE v5.1,34000,950,1521,OUT,1.01,1.01,1.01,1.11,1.11,out,Al200,VME run 2046,"ACTEVD = 1, 0.8 second beam spill, collimators at 50",require E,"Ad hoc momenta not suitable for the ACTs for the moment, HW trigger as cannnot take data due to T10 bckg",,,,,,
,,,,,,,,,,,,,,,,,,,,,,,,,,,,,,,,,,,
29/05,2422,,"Anna, Ben","Complete, good",Full UPW,On ,03:37,04:55,toolDAQ,mpmt_hardware_trigger_v5,,"pos. hadron, slit 1 %",LEE v5.1,LEE v5.1,34000,-600,1522,OUT,1.01,1.01,1.01,1.11,1.11,out,Al200,VME run 2047,"ACTEVD = 1, 0.8 second beam spill, collimators at 50",require E,"Ad hoc momenta not suitable for the ACTs for the moment, HW trigger as cannnot take data due to T10 bckg",,,,,,
,,,,,,,,,,,,,,,,,,,,,,,,,,,,,,,,,,,
29/05,2423,,"Anna, Ben","Complete, bad",Full UPW,On ,04:59,05:02,toolDAQ,good_mpmt_beam v54,,"neg. hadron, slit 2%",LEP9Li 2.0,LEP9Li 2.0,34000,-290,1449,OUT,1.01,1.01,1.01,1.11,1.11,out,Al200,VME run 2048,"ACTEVD = 1, 0.8 second beam spill, collimators at 50",,"Ad hoc momenta not suitable for the ACTs for the moment, HW trigger as cannnot take data due to T10 bckg",,,,,,
,,,,,,,,,,,,,,,,,,,,,,,,,,,,,,,,,,,
29/05,2424,,"Anna, Ben","Complete, good",Full UPW,On ,05:10,07:41,toolDAQ,mpmt_hardware_trigger_v5,,"pos. hadron, slit 1 %",LEE v5.1,LEE v5.1,34000,-600,1522,OUT,1.01,1.01,1.01,1.11,1.11,out,Al200,VME run 2049,"ACTEVD = 1, 0.8 second beam spill, collimators at 50",require E,"Ad hoc momenta not suitable for the ACTs for the moment, HW trigger as cannnot take data due to T10 bckg",,,,,,
,,,,,,,,,,,,,,,,,,,,,,,,,,,,,,,,,,,
29/05,2425,,"Bartosz, Jiri","Complete, good",Full UPW,On ,07:54,09:37,toolDAQ,mpmt_hardware_trigger_v5,,"pos. hadron, slit 1 %",LEE v5.1,LEE v5.1,34000,950,1521,OUT,1.01,1.01,1.01,1.11,1.11,out,Al200,VME run 2050,"ACTEVD = 1, 0.8 second beam spill, collimators at 50",require E??,"Ad hoc momenta not suitable for the ACTs for the moment, HW trigger as cannnot take data due to T10 bckg",,,,,,Wrong comment entered at RBU run start on the trigger (Li9) while we do run LEE v5.1
,,,,,,,,,,,,,,,,,,,,,,,,,,,,,,,,,,,
29/05,2426,,"Bartosz, Jiri, Blair","Complete, good",Full UPW,On ,09:48,13:06,toolDAQ,good_mpmt_beam v54,," pos. hadron, slit 2%",LEP 5.1,LEP 5.1,1050,290,1383,OUT,1.01,1.01,1.01,1.11,1.11,out,Al200,VME run 2052,"ACTEVD = 1, 0.8 second beam spill, collimators at 50",,"Trying positve low momenta corresp. to the ACT's n with LEP trigger, no 9Li",,,,,,
,,,,,,,,,,,,,,,,,,,,,,,,,,,,,,,,,,,
29/05,2427,,"Bartosz, Jiri, Blair","Bad, Incomplete",Full UPW,On ,13:30,13:42,toolDAQ,good_mpmt_beam v54,," pos. hadron, slit 2%",LEP 5.1,LEP 5.1,1050,290,1383,OUT,1.01,1.01,1.01,1.11,1.11,out,Al200,VME run 2053,"ACTEVD = 1, 0.8 second beam spill, collimators at 50",,"Trying positve low momenta corresp. to the ACT's n with LEP trigger, no 9Li",,,,,,
,,,,,,,,,,,,,,,,,,,,,,,,,,,,,,,,,,,
29/05,2428,,"Bartosz, Jiri, Blair","Complete, good",Full UPW,On ,13:51,16:50,toolDAQ,good_mpmt_beam v54,," pos. hadron, slit 2%",LEP 5.1,LEP 5.1,1050,290,1383,OUT,1.01,1.01,1.01,1.11,1.11,out,Al200,VME run 2054,"ACTEVD = 1, 0.8 second beam spill, collimators at 50",,"Trying positve low momenta corresp. to the ACT's n with LEP trigger, no 9Li",,,,,,
,,,,,,,,,,,,,,,,,,,,,,,,,,,,,,,,,,,
29/05,2429,,"Adam, Loris","Complete, errors",Full UPW,On ,17:09,17:35,toolDAQ,good_mpmt_beam v54,,"neg. hadron, slit 2%",LEP9Li 2.0,LEP9Li 2.0,34000,-290,1449,OUT,1.01,1.01,1.01,1.11,1.11,out,Al200,VME run 2055,"ACTEVD = 1, 0.8 second beam spill, collimators at 50",,,,,,,,
,,,,,,,,,,,,,,,,,,,,,,,,,,,,,,,,,,,
29/05,2430,,"Adam, Loris","Bad, Incomplete",Full UPW,On ,17:40,17:45,toolDAQ,good_mpmt_beam v54,,"neg. hadron, slit 2%",LEP9Li 2.0,LEP9Li 2.0,34000,-290,1449,OUT,1.01,1.01,1.01,1.11,1.11,out,Al200,VME run 2056,"ACTEVD = 1, 0.8 second beam spill, collimators at 50",,,,,,,,
,,,,,,,,,,,,,,,,,,,,,,,,,,,,,,,,,,,
29/05,2431,,"Adam, Loris","Complete, good",Full UPW,On ,17:49,19:20,toolDAQ,good_mpmt_beam v54,,"neg. hadron, slit 2%",LEP 5.1,LEP 5.1,34000,-290,1449,OUT,1.01,1.01,1.01,1.11,1.11,out,Al200,VME run 2057,"ACTEVD = 1, 0.8 second beam spill, collimators at 50",,,,,,,,
,,,,,,,,,,,,,,,,,,,,,,,,,,,,,,,,,,,
29/05,2432,,"Adam, Loris","Complete, errors",Full UPW,On ,19:30,20:40,toolDAQ,good_mpmt_beam v54,,"neg. hadron, slit 2%",LEP9Li 2.0,LEP9Li 2.0,34000,-270,1447,OUT,1.01,1.01,1.01,1.11,1.11,out,Al200,VME run 2058,"ACTEVD = 1, 0.8 second beam spill, collimators at 50",,,,,,,,
,,,,,,,,,,,,,,,,,,,,,,,,,,,,,,,,,,,
29/05,2433,,"Adam, Loris","Complete, errors",Full UPW,On ,20:45,21:15,toolDAQ,good_mpmt_beam v54,," pos. hadron, slit 2%",LEP 5.1,LEP 5.1,34000,-270,1447,OUT,1.01,1.01,1.01,1.11,1.11,out,Al200,VME run 2059,"ACTEVD = 1, 0.8 second beam spill, collimators at 50",,,,,,,,
,,,,,,,,,,,,,,,,,,,,,,,,,,,,,,,,,,,
29/05,2434,,"Adam, Loris","Complete, good",Full UPW,On ,21:35,00:25,toolDAQ,good_mpmt_beam v54,," pos. hadron, slit 2%",LEP 5.1,LEP 5.1,34000,-270,1447,OUT,1.01,1.01,1.01,1.11,1.11,out,Al200,VME run 2060,"ACTEVD = 1, 0.8 second beam spill, collimators at 50",,,,,,,,
,,,,,,,,,,,,,,,,,,,,,,,,,,,,,,,,,,,
30/05,2435,,"Anna, Ben","Complete, good",Full UPW,On ,01:35,04:37,toolDAQ,good_mpmt_beam v54,," pos. hadron, slit 2%",LEP 5.1,LEP 5.1,34000,370,1423,OUT,1.01,1.01,1.01,1.06,1.06,out,Al200,VME run 2061,"ACTEVD = 1, 0.8 second beam spill, collimators at 50",,,,,,,,
,,,,,,,,,,,,,,,,,,,,,,,,,,,,,,,,,,,
30/05,2436,,"Anna, Ben","Complete, errors",Full UPW,On ,04:44,08:04,toolDAQ,good_mpmt_beam v54,,"neg. hadron, slit 2%",LEP9Li 2.0,LEP9Li 2.0,34000,-370,1457,OUT,1.01,1.01,1.01,1.06,1.06,out,Al200,VME run 2062,"ACTEVD = 1, 0.8 second beam spill, collimators at 50",,,,,,,,
,,,,,,,,,,,,,,,,,,,,,,,,,,,,,,,,,,,
30/05,2438,,"Bartosz, Jiri, Blair","Complete, errors",Full UPW,On ,09:56,12:59,toolDAQ,good_mpmt_beam v54,,"neg. hadron, slit 2%",LEP9Li 2.0,LEP9Li 2.0,34000,-270,1447,OUT,1.01,1.01,1.01,1.11,1.11,out,Al200,VME run 2063,"ACTEVD = 1, 0.8 second beam spill, collimators at 50",Data suspicious from the Li9 point of vew: T10 coincidence was in place. See eLog https://mpmtelog.triumf.ca/elog/WCTE+Commissioning+and+Operation/866,,,,,,,
,,,,,,,,,,,,,,,,,,,,,,,,,,,,,,,,,,,
,,,,,,,,,,,,,,,,,,,,,,,,,,,,,,,,,,,
,,,,,,,,,,,,,,,,,,,,,,,,,,,,,,,,,,,
30/05,2440,,"Bartosz, Jiri, Blair, Mark","Bad, Incomplete",Full UPW,On ,14:34,14:41,toolDAQ,good_mpmt_beam v54,," pos. hadron, slit 2%",LEP 5.1,LEP 5.1,34000,600,1527,OUT,1.01,1.01,1.01,out,out,out,Al200,VME run 2065,"ACTEVD = 1, 0.8 second beam spill, collimators at 50",dropped packets,,,,,,,
,,,,,,,,,,,,,,,,,,,,,,,,,,,,,,,,,,,
30/05,2441,,"Bartosz, Jiri, Blair, Mark","Bad, Incomplete",Full UPW,On ,14:46,14:51,toolDAQ,good_mpmt_beam v56,," pos. hadron, slit 2%",LEP 5.1,LEP 5.1,34000,600,1527,OUT,1.01,1.01,1.01,out,out,out,Al200,VME run 2066,"ACTEVD = 1, 0.8 second beam spill, collimators at 50",dropped packets,,,,,,,
,,,,,,,,,,,,,,,,,,,,,,,,,,,,,,,,,,,
30/05,2442,,"Bartosz, Jiri, Blair, Mark","Bad, Incomplete",Full UPW,On ,14:57,14:59,toolDAQ,good_mpmt_beam v56,," pos. hadron, slit 2%",LEP 5.1,LEP 5.1,34000,600,1527,OUT,1.01,1.01,1.01,out,out,out,Al200,VME run 2067,"ACTEVD = 1, 0.8 second beam spill, collimators at 50",dropped packets,,,,,,,
,,,,,,,,,,,,,,,,,,,,,,,,,,,,,,,,,,,
30/05,2443,,"Bartosz, Jiri, Blair, Mark","Bad, Incomplete",Full UPW,On ,15:08,15:12,toolDAQ,good_mpmt_beam v56,," pos. hadron, slit 2%",LEP 5.1,LEP 5.1,34000,600,1527,OUT,1.01,1.01,1.01,out,out,out,Al200,VME run 2068,"ACTEVD = 1, 0.8 second beam spill, collimators at 30",dropped packets,,,,,,,
,,,,,,,,,,,,,,,,,,,,,,,,,,,,,,,,,,,
30/05,2444,,"Adam, Loris, Blair","Complete, good",Full UPW,On ,15:23,16:43,toolDAQ,good_mpmt_beam v56,," pos. hadron, slit 2%",LEP 5.1,LEP 5.1,34000,600,1527,OUT,1.01,1.01,1.01,out,out,out,Al200,VME run 2069,"ACTEVD = 1, 0.8 second beam spill, collimators at 20",,,,,,,,
,,,,,,,,,,,,,,,,,,,,,,,,,,,,,,,,,,,
30/05,2445,,"Adam, Loris, Blair","Bad, Incomplete",Full UPW,On ,16:55,17:00,toolDAQ,good_mpmt_beam v56,," pos. hadron, slit 2%",LEP 5.1,LEP 5.1,34000,800,1528,OUT,1.01,1.01,1.01,out,out,out,Al200,VME run 2070,"ACTEVD = 1, 0.8 second beam spill, collimators at 20",dropped packets,,,,,,,
,,,,,,,,,,,,,,,,,,,,,,,,,,,,,,,,,,,
30/05,2446,,"Adam, Loris, Blair","Complete, good",Full UPW,On ,17:17,18:52,toolDAQ,good_mpmt_beam v56,," pos. hadron, slit 2%",LEP 5.1,LEP 5.1,34000,800,1528,OUT,1.01,1.01,1.01,out,out,out,Al200,VME run 2071,"ACTEVD = 1, 0.8 second beam spill, collimators at 10",,,,,,,,
,,,,,,,,,,,,,,,,,,,,,,,,,,,,,,,,,,,
30/05,2447,,"Adam, Loris, Blair","Complete, good",Full UPW,On ,19:00,19:50,toolDAQ,good_mpmt_beam v56,," pos. hadron, slit 2%",LEP 5.1,LEP 5.1,34000,1000,1529,OUT,1.01,1.01,1.01,out,out,out,Al200,VME run 2072,"ACTEVD = 1, 0.8 second beam spill, collimators at 7.5",,,,,,,,
,,,,,,,,,,,,,,,,,,,,,,,,,,,,,,,,,,,
30/05,2448,,"Adam, Loris, Blair","Complete, good",Full UPW,On ,20:10,21:21,toolDAQ,good_mpmt_beam v56,," pos. hadron, slit 2%",LEP 5.1,LEP 5.1,34000,1200,1530,OUT,1.01,1.01,1.01,out,out,out,Al200,VME run 2073,"ACTEVD = 1, 0.8 second beam spill, collimators at 5",,,,,,,,
,,,,,,,,,,,,,,,,,,,,,,,,,,,,,,,,,,,
30/05,2449,,"Adam, Loris, Blair","Complete, good",Full UPW,On ,21:25,23:08,toolDAQ,good_mpmt_beam v56,," pos. hadron, slit 2%",LEP 5.1,LEP 5.1,34000,1400,1488,OUT,1.01,1.01,1.01,out,out,out,Al200,VME run 2074,"ACTEVD = 1, 0.8 second beam spill, collimators at 5",,,,,,,,
,,,,,,,,,,,,,,,,,,,,,,,,,,,,,,,,,,,
30/05,2450,,"Anna, Ben, Blair","Complete, good",Full UPW,On ,23:28,01:40,toolDAQ,good_mpmt_beam v56,," pos. hadron, slit 2%",LEE v5.1,LEE v5.1,34000,800,1528,OUT,1.01,1.01,1.01,out,out,out,Al200,VME run 2075,"ACTEVD = 1, 0.8 second beam spill, collimators at 10",,,,,,,,
,,,,,,,,,,,,,,,,,,,,,,,,,,,,,,,,,,,
31/05,2451,,"Anna, Ben","Complete, bad",Full UPW,On ,01:46,,toolDAQ,good_mpmt_beam v56,," pos. hadron, slit 2%",LEE v5.1,LEE v5.1,34000,800,1528,OUT,1.01,1.01,1.01,out,out,out,Al200,VME run 2076,"ACTEVD = 1, 0.8 second beam spill, collimators at 10",no beam whatsoever,,,,,,,
,,,,,,,,,,,,,,,,,,,,,,,,,,,,,,,,,,,
31/05,2452,,"Anna, Ben","Complete, good",Full UPW,On ,03:37,05:40,toolDAQ,good_mpmt_beam v56,," pos. hadron, slit 2%",LEE v5.1,LEE v5.1,34000,800,1528,OUT,1.01,1.01,1.01,out,out,out,Al200,VME run 2077,"ACTEVD = 1, 0.8 second beam spill, collimators at 10",,,,,,,,
,,,,,,,,,,,,,,,,,,,,,,,,,,,,,,,,,,,
31/05,2453,,"Anna, Ben","Complete, good",Full UPW,On ,05:48,07:50,toolDAQ,good_mpmt_beam v56,," pos. hadron, slit 2%",LEE v5.1,LEE v5.1,34000,800,1528,OUT,1.01,1.01,1.01,out,out,out,Al200,VME run 2078,"ACTEVD = 1, 0.8 second beam spill, collimators at 10",,,,,,,,
,,,,,,,,,,,,,,,,,,,,,,,,,,,,,,,,,,,
31/05,2454,,"David, Jiri, Grzegorz","Complete, errors",Full UPW,On ,08:11,09:20,toolDAQ,good_mpmt_beam v56,," pos. hadron, slit 2%",LEE v5.1,LEE v5.1,34000,800,1528,OUT,1.01,1.01,1.01,out,out,out,Al200,VME run 2079,"ACTEVD = 1, 0.8 second beam spill, collimators at 10",dropped packets as more spills/min,,,,,,,
,,,,,,,,,,,,,,,,,,,,,,,,,,,,,,,,,,,
31/05,2455,,"David, Jiri, Grzegorz, Koki","Complete, errors",Full UPW,On ,09:30,09:34,toolDAQ,good_mpmt_beam v56,," pos. hadron, slit 2%",LEE v5.1,LEE v5.1,34000,800,1528,OUT,1.01,1.01,1.01,out,out,out,Al200,VME run 2080,"ACTEVD = 1, 0.8 second beam spill, collimators at 10",dropped packets as more spills/min,,,,,,,
,,,,,,,,,,,,,,,,,,,,,,,,,,,,,,,,,,,
31/05,2456,,"David, Jiri, Grzegorz, Koki","Complete, errors",Full UPW,On ,09:39,09:46,toolDAQ,good_mpmt_beam v56,," pos. hadron, slit 2%",LEE v5.1,LEE v5.1,34000,800,1528,OUT,1.01,1.01,1.01,out,out,out,Al200,VME run 2081,"ACTEVD = 1, 0.8 second beam spill, collimators at 10",dropped packets as more spills/min,,,,,,,
,,,,,,,,,,,,,,,,,,,,,,,,,,,,,,,,,,,
31/05,2457,,"David, Jiri, Grzegorz, Koki","Complete, good",Full UPW,On ,10:03,11:03,toolDAQ,good_mpmt_beam v56,,"pos. hadron, slit 1 %",LEE v5.1,LEE v5.1,34000,800,1528,OUT,1.01,1.01,1.01,out,out,out,Al200,VME run 2082,"ACTEVD = 1, 0.8 second beam spill, collimators at 10",momentum slit set to 1% to reduce rates,,no beam last 4min of the run,,,,,
,,,,,,,,,,,,,,,,,,,,,,,,,,,,,,,,,,,
31/05,2458,,"David, Jiri, Grzegorz, Koki","Complete, good",Full UPW,On ,11:50,13:39,toolDAQ,good_mpmt_beam v56,,"pos. hadron, slit 1 %",LEE v5.1,LEE v5.1,34000,800,1528,OUT,1.01,1.01,1.01,out,out,out,Al200,VME run 2083,"ACTEVD = 1, 0.8 second beam spill, collimators at 10",after beam pause,,,,,,,
,,,,,,,,,,,,,,,,,,,,,,,,,,,,,,,,,,,
31/05,2459,,"David, Jiri, Grzegorz","Complete, good",Full UPW,On ,14:00,15:20,toolDAQ,good_mpmt_beam v56,," pos. hadron, slit 2%",LEP 5.1,LEP 5.1,34000,1400,1488,OUT,1.01,1.01,1.01,out,out,out,Al200,VME run 2084,"ACTEVD = 1, 0.8 second beam spill, collimators at 5mm",,,,,,,,
,,,,,,,,,,,,,,,,,,,,,,,,,,,,,,,,,,,
31/05,2460,,"Adam, Michał","Complete, good",Full UPW,On ,15:40,16:05,toolDAQ,good_mpmt_beam v56,," pos. hadron, slit 2%",LEP 5.1,LEP 5.1,34000,1200,1530,OUT,1.01,1.01,1.01,out,out,out,Al200,VME run 2085,"ACTEVD = 1, 0.8 second beam spill, collimators at 7mm",,,,,,,,
,,,,,,,,,,,,,,,,,,,,,,,,,,,,,,,,,,,
31/05,2461,,"Adam, Michał","Complete, good",Full UPW,On ,16:10,17:10,toolDAQ,good_mpmt_beam v56,," pos. hadron, slit 2%",LEP 5.1,LEP 5.1,34000,1000,1529,OUT,1.01,1.01,1.01,out,out,out,Al200,VME run 2086,"ACTEVD = 1, 0.8 second beam spill, collimators at 7.5mm",,,,,,,,
,,,,,,,,,,,,,,,,,,,,,,,,,,,,,,,,,,,
31/05,2462,,"Adam, Michał","Complete, good",Full UPW,On ,17:15,18:45,toolDAQ,good_mpmt_beam v56,," pos. hadron, slit 2%",LEP 5.1,LEP 5.1,34000,800,1528,OUT,1.01,1.01,1.01,out,out,out,Al200,VME run 2087,"ACTEVD = 1, 0.8 second beam spill, collimators at 10mm",,,,,,,,
,,,,,,,,,,,,,,,,,,,,,,,,,,,,,,,,,,,
31/05,2463,,"Adam, Michał","Complete, good",Full UPW,On ,19:00,19:35,toolDAQ,good_mpmt_beam v56,," pos. hadron, slit 2%",LEP 5.1,LEP 5.1,34000,600,1527,OUT,1.01,1.01,1.01,out,out,out,Al200,VME run 2088,"ACTEVD = 1, 0.8 second beam spill, collimators at 20mm",,,,,,,,
,,,,,,,,,,,,,,,,,,,,,,,,,,,,,,,,,,,
31/05,2464,,"Adam, Michał","Complete, good",Full UPW,On ,19:40,21:20,toolDAQ,good_mpmt_beam v56,," pos. hadron, slit 2%",LEP 5.1,LEP 5.1,34000,1600,1533,OUT,1.01,1.01,1.01,out,out,out,Al200,VME run 2089,"ACTEVD = 1, 0.8 second beam spill, collimators at 4mm",,,,,,,,
,,,,,,,,,,,,,,,,,,,,,,,,,,,,,,,,,,,
31/05,2465,,"Adam, Michał","Complete, good",Full UPW,On ,21:40,23:15,toolDAQ,good_mpmt_beam v56,," pos. hadron, slit 2%",LEP 5.1,LEP 5.1,34000,1800,1531,OUT,1.01,1.01,1.01,out,out,out,Al200,VME run 2090,"ACTEVD = 1, 0.8 second beam spill, collimators at 4mm",,,,,,,,
,,,,,,,,,,,,,,,,,,,,,,,,,,,,,,,,,,,
31/05,2466,,"Ben, Sahar","Complete, good",Full UPW,On ,23:27,01:04,toolDAQ,good_mpmt_beam v56,," pos. hadron, slit 2%",LEP 5.1,LEP 5.1,34000,2000,1532,OUT,1.01,1.01,1.01,out,out,out,Al200,VME run 2091,"ACTEVD = 1, 0.8 second beam spill, collimators at 5mm",,,,,,,,
,,,,,,,,,,,,,,,,,,,,,,,,,,,,,,,,,,,
31/05,2467,,"Ben, Sahar","Complete, good",Full UPW,On ,01:18,03:08,toolDAQ,good_mpmt_beam v56,,"neg. hadron, slit 1%",LEE v5.1,LEE v5.1,34000,800,1528,OUT,1.01,1.01,1.01,out,out,out,Al200,VME run 2092,"ACTEVD = 1, 0.8 second beam spill, collimators at 14mm",,,,,,,,
,,,,,,,,,,,,,,,,,,,,,,,,,,,,,,,,,,,
31/05,2468,,"Ben, Sahar","Bad, Incomplete",Full UPW,On ,03:14,04:19,toolDAQ,good_mpmt_beam v56,,"neg. hadron, slit 1%",LEE v5.1,LEE v5.1,34000,-800,1502,OUT,1.01,1.01,1.01,out,out,out,Al200,VME run 2093,"ACTEVD = 1, 0.8 second beam spill, collimators at 14mm","      RBU crashed and many packets were dropped. Had to create RBU again to stop the run, and start the next one. Data may be useable since it ended all at once? ",,,,,,,
,,,,,,,,,,,,,,,,,,,,,,,,,,,,,,,,,,,
31/05,2470,,"Ben, Sahar","Complete, good",Full UPW,On ,04:24,06:24,toolDAQ,good_mpmt_beam v56,,"neg. hadron, slit 1%",LEE v5.1,LEE v5.1,34000,-800,1502,OUT,1.01,1.01,1.01,out,out,out,Al200,VME run 2094,"ACTEVD = 1, 0.8 second beam spill, collimators at 14mm",,,,,,,,
,,,,,,,,,,,,,,,,,,,,,,,,,,,,,,,,,,,
31/05,2471,,"Ben, Sahar","Complete, good",Full UPW,On ,06:31,08:31,toolDAQ,good_mpmt_beam v56,,"neg. hadron, slit 1%",LEE v5.1,LEE v5.1,34000,-800,1502,OUT,1.01,1.01,1.01,out,out,out,Al200,VME run 2095,"ACTEVD = 1, 0.8 second beam spill, collimators at 14mm",,,,,,,,
,,,,,,,,,,,,,,,,,,,,,,,,,,,,,,,,,,,
01/06,2472,,"David, Jiri","Complete, good",Full UPW,On ,08:39,10:11,toolDAQ,good_mpmt_beam v56,,"neg. hadron, slit 1%",LEE v5.1,LEE v5.1,34000,-800,1502,OUT,1.01,1.01,1.01,out,out,out,Al200,VME run 2096,"ACTEVD = 1, 0.8 second beam spill, collimators at 14mm",,,,,,,,
,,,,,,,,,,,,,,,,,,,,,,,,,,,,,,,,,,,
01/06,2473,,"David, Jiri, Bruno, Mark","Complete, errors",Full UPW,On ,10:52,11:00,toolDAQ,good_mpmt_beam v56,,"tagged gamma, slit 1%",TPNH v4.4,TPNH v4.4,34000,1000,1398,OUT,out,out,out,out,out,out,Be200W3,VME run 2097,"Tagged photon beam, NO veto on hodoscope",Dropped packets,,,,,,,
,,,,,,,,,,,,,,,,,,,,,,,,,,,,,,,,,,,
01/06,2474,,"David, Jiri, Bruno, Mark","Complete, good",Full UPW,On ,11:03,11:13,toolDAQ,good_mpmt_beam v56,,"tagged gamma, slit 1%",TP1 v4.4,TP1 v4.4,34000,1000,1398,OUT,out,out,out,out,out,out,Be200W3,VME run 2098,"Tagged photon beam, WITH veto on hodoscope",,,,,,,,
,,,,,,,,,,,,,,,,,,,,,,,,,,,,,,,,,,,
01/06,2475,,"David, Jiri, Bruno, Mark","Complete, errors",Full UPW,On ,11:18,11:23,toolDAQ,good_mpmt_beam v56,,"tagged gamma, slit 1%",TPNH v4.4,TPNH v4.4,34000,800,1389,OUT,out,out,out,out,out,out,Be200W3,VME run 2099,"Tagged photon beam, NO veto on hodoscope, collimators 25mm",Dropped packets,,,,,,,
,,,,,,,,,,,,,,,,,,,,,,,,,,,,,,,,,,,
01/06,2476,,"David, Jiri, Bruno, Mark","Complete, good",Full UPW,On ,11:26,11:36,toolDAQ,good_mpmt_beam v56,,"tagged gamma, slit 1%",TP0.8 v4.4,TP0.8 v4.4,34000,800,1389,OUT,out,out,out,out,out,out,Be200W3,VME run 2100,"Tagged photon beam, veto on hodoscope, collimators 25mm",,,,,,,,
,,,,,,,,,,,,,,,,,,,,,,,,,,,,,,,,,,,
01/06,2477,,"David, Jiri, Bruno, Mark","Complete, good",Full UPW,On ,11:44,11:53,toolDAQ,good_mpmt_beam v56,,"tagged gamma, slit 1%",TPNH v4.4,TPNH v4.4,34000,650,1394,OUT,out,out,out,out,out,out,Be200W3,VME run 2101,"Tagged photon beam, NO veto on hodoscope, collimators 25mm",,,,,,,,
,,,,,,,,,,,,,,,,,,,,,,,,,,,,,,,,,,,
01/06,2478,,"David, Jiri, Bruno, Mark","Complete, good",Full UPW,On ,11:57,10:07,toolDAQ,good_mpmt_beam v56,,"tagged gamma, slit 1%",TP0.65 v4.4,TP0.65 v4.4,34000,650,1394,OUT,out,out,out,out,out,out,Be200W3,VME run 2102,"Tagged photon beam, WITH veto on hodoscope, collimators 25mm",,,,,,,,
,,,,,,,,,,,,,,,,,,,,,,,,,,,,,,,,,,,
01/06,2479,,"David, Jiri, Bruno, Mark","Complete, good",Full UPW,On ,12:10,12:17,toolDAQ,good_mpmt_beam v56,,"tagged gamma, slit 1%",TPNH v4.4,TPNH v4.4,34000,450,1509,OUT,out,out,out,out,out,out,Be200W3,VME run 2103,Collimators 20mm,,,,,,,,
,,,,,,,,,,,,,,,,,,,,,,,,,,,,,,,,,,,
01/06,2480,,"David, Jiri, Bruno, Mark","Complete, good",Full UPW,On ,12:20,15:30,toolDAQ,good_mpmt_beam v56,,"tagged gamma, slit 1%",TP0.5 v4.4,TP0.5 v4.4,34000,450,1509,OUT,out,out,out,out,out,out,Be200W3,VME run 2104,Collimators 20mm,,,,,,,,
,,,,,,,,,,,,,,,,,,,,,,,,,,,,,,,,,,,
01/06,,,"Bruno, Adam, Michał","Aborted, misinput",Full UPW,On ,,,toolDAQ,good_mpmt_beam v56,,"tagged gamma, slit 1%",TP1 v4.4,TP1 v4.4,34000,1000,1398,OUT,out,out,out,out,out,out,Be200W3,VME run 2105,Collimators 25mm,,,,,,,,
,,,,,,,,,,,,,,,,,,,,,,,,,,,,,,,,,,,
02/06,2481,,"David, Katarzyna, Bruno","Complete, good",Full UPW,On ,10:28,10:43,toolDAQ,good_mpmt_beam v56,,"tagged gamma, slit 1%",TP0.65 v4.4,TP0.65 v4.4,34000,650,1394,OUT,out,out,out,out,out,out,Be200W3,VME run 2105,Collimators 25mm,stopped as beam stopped,,,,,,,
,,,,,,,,,,,,,,,,,,,,,,,,,,,,,,,,,,,
02/06,2483,,"David, Katarzyna, Bruno","Complete, good",Full UPW,On ,12:55,16:08,toolDAQ,good_mpmt_beam v56,,"tagged gamma, slit 1%",TP0.65 v4.4,TP0.65 v4.4,34000,650,1394,OUT,out,out,out,out,out,out,Be200W3,VME run 2106,Collimators 25mm,,,,,,,,
,,,,,,,,,,,,,,,,,,,,,,,,,,,,,,,,,,,
02/06,2484,,"Grzegorz, Bruno","Complete, good",Full UPW,On ,16:31,17:11,toolDAQ,good_mpmt_beam v56,,"tagged gamma, slit 1%",TP0.8 v4.4,TP0.8 v4.4,34000,800,1389,OUT,out,out,out,out,out,out,Be200W3,VME run 2107,800 MeV/c TP run on Gd,,,,,,,,
,,,,,,,,,,,,,,,,,,,,,,,,,,,,,,,,,,,
02/06,2485,,"Grzegorz, Bruno","Complete, good",Full UPW,On ,17:23,19:48,toolDAQ,good_mpmt_beam v56,,"tagged gamma, slit 1%",TP0.8 v4.4,TP0.8 v4.4,34000,800,1389,OUT,out,out,out,out,out,out,Be200W3,VME run 2108,800 MeV/c TP run on Gd,,,,,,,,
,,,,,,,,,,,,,,,,,,,,,,,,,,,,,,,,,,,
02/06,2486,,"Grzegorz, Bruno","Running, Incomplete",Full UPW,On ,20:09,00:42,toolDAQ,good_mpmt_beam v56,,"tagged gamma, slit 1%",TP0.8 v4.4,TP0.8 v4.4,34000,1000,1398,OUT,out,out,out,out,out,out,Be200W3,VME run 2109,1000 MeV/c TP run on Gd,,,,,,,,
,,,,,,,,,,,,,,,,,,,,,,,,,,,,,,,,,,,
03/06,2488,,"Kouki, Michal","Complete, good",Full UPW,On ,01:01,04:08,toolDAQ,good_mpmt_beam v56,,"tagged gamma, slit 1%",TP0.5 v4.4,TP0.5 v4.4,34000,450,1509,OUT,out,out,out,out,out,out,Be200W3,VME run 2111,450 MeV/c TP run on Gd,,,,,,,,
,,,,,,,,,,,,,,,,,,,,,,,,,,,,,,,,,,,
03/06,2489,,"Kouki, Michal","Complete, good",Full UPW,On ,04:19,06:02,toolDAQ,good_mpmt_beam v56,,"tagged gamma, slit 1%",TP0.6 4.4,TP0.6 4.4,34000,650,1394,OUT,out,out,out,out,out,out,Be200W3,VME run 2112,650 MeV/c TP run on Gd,,,,,,,,
,,,,,,,,,,,,,,,,,,,,,,,,,,,,,,,,,,,
03/06,2490,,"David, Katarzyna, Mark","Complete, bad",Full UPW,On ,07:39,07:41,toolDAQ,good_mpmt_beam v56,,"pos. hadron, slit 1 %",T0TOF 1.1,T0TOF 1.1,34000,450,1509,OUT,out,out,out,out,out,out,Be200W3,VME run 2113,450 Proton ,Stopped dropped packets reducing collimators,,,,,,,
,,,,,,,,,,,,,,,,,,,,,,,,,,,,,,,,,,,
03/06,2491,,"David, Katarzyna, Mark","Complete, good",Full UPW,On ,07:43,08:10,toolDAQ,good_mpmt_beam v56,,"pos. hadron, slit 1 %",T0TOF 1.1,T0TOF 1.1,34000,450,1509,OUT,out,out,out,out,out,out,Be200W3,VME run 2114,450 Proton ,Stopped dropped packets reducing collimators,,,,,,,